repo_name,has_codeowners,codeowners_created_at,owners_count
leandrohstein/transporteservico-urbs-data,False,,0
google-test/signclav2-probe-repo,False,,0
trunk-io/mergequeue,False,,0
prawn-test-staging-rw/mergequeue_service_test_commit_status,False,,0
mhutchinson/mhutchinson-distributor,False,,0
MetaMask/eth-phishing-detect,True,2021-05-27T17:36:16+00:00,4
actions-canary/ForkPRCanary,False,,0
Nix-Drone/mergequeue-github,False,,0
NixOS/nixpkgs,False,,0
WolseyBankWitness/rediffusion,False,,0
microsoft/winget-pkgs,True,2024-03-15T23:39:38+00:00,2
prawn-test-staging-rw/mg-service-test,False,,0
prawn-test-production-rw/mg-service-test,False,,0
Homebrew/homebrew-core,True,2020-05-05T08:50:29+00:00,4
deepsourcestatus/test-repository,False,,0
trunk-io/mergequeue-staging,False,,0
RishabhGupta34/gitX_Harness,False,,0
GuruCICDCanary-Beta/CICDCanary,False,,0
GuruCICDCanary-Prod-Release/CICDCanary,False,,0
GuruCICDCanary-Prod/CICDCanary,False,,0
openshift-helm-charts/sandbox,False,,0
Homebrew/homebrew-cask,False,,0
llvm/llvm-project,True,2025-09-22T09:35:06+00:00,48
odoo/odoo,False,,0
digitalinnovationone/dio-lab-open-source,False,,0
wolfi-dev/os,True,2022-11-22T20:52:12+00:00,3
JuliaRegistries/General,True,2021-05-18T00:30:40+00:00,5
aws-aemilia-sin/Github-PR-Commit-Integration-Test-DoNotTouch-GitH-MJCD6L4M-v1-preprod-ap-southeast-1,False,,0
aws-aemilia-syd/Github-PR-Commit-Integration-Test-DoNotTouch-GitH-MJCD6L4M-v1-preprod-ap-southeast-2,False,,0
aws-aemilia-sin/Github-PR-Commit-Integration-Test-DoNotTouch-GitH-MJCD6L4M-v1-prod-ap-southeast-1,False,,0
scalr-automation/terraform-scalr-flat-mirror4,False,,0
aws-aemilia-bom/Github-PR-Commit-Integration-Test-DoNotTouch-GitH-MJCD6L4M-v1-preprod-ap-south-1,False,,0
aws-aemilia-bah/Github-PR-Commit-Integration-Test-DoNotTouch-GitH-MJCD6L4M-v1-preprod-me-south-1,False,,0
aws-aemilia-syd/Github-PR-Commit-Integration-Test-DoNotTouch-GitH-MJCD6L4M-v1-prod-ap-southeast-2,False,,0
aws-aemilia-icn/Github-PR-Commit-Integration-Test-DoNotTouch-GitH-MJCD6L4M-v1-preprod-ap-northeast-2,False,,0
aws-aemilia-kix/Github-PR-Commit-Integration-Test-DoNotTouch-GitH-MJCD6L4M-v1-preprod-ap-northeast-3,False,,0
aws-aemilia-bah/Github-PR-Commit-Integration-Test-DoNotTouch-GitHubAutoBuildPrPreviewCanaryTest-v1-prod-me-south-1,False,,0
aws-aemilia-kix/Github-PR-Commit-Integration-Test-DoNotTouch-GitH-MJCD6L4M-v1-prod-ap-northeast-3,False,,0
aws-aemilia-nrt/Github-PR-Commit-Integration-Test-DoNotTouch-GitH-MJCD6L4M-v1-preprod-ap-northeast-1,False,,0
aws-aemilia-bom/Github-PR-Commit-Integration-Test-DoNotTouch-GitHubAutoBuildPrPreviewCanaryTest-v1-prod-ap-south-1,False,,0
aws-aemilia-icn/Github-PR-Commit-Integration-Test-DoNotTouch-GitH-MJCD6L4M-v1-prod-ap-northeast-2,False,,0
aws-aemilia-gru/Github-PR-Commit-Integration-Test-DoNotTouch-GitH-MJCD6L4M-v1-preprod-sa-east-1,False,,0
aws-aemilia-nrt/Github-PR-Commit-Integration-Test-DoNotTouch-GitH-MJCD6L4M-v1-prod-ap-northeast-1,False,,0
aws-aemilia-gru/Github-PR-Commit-Integration-Test-DoNotTouch-GitHubAutoBuildPrPreviewCanaryTest-v1-prod-sa-east-1,False,,0
aws-aemilia-arn/Github-PR-Commit-Integration-Test-DoNotTouch-GitH-MJCD6L4M-v1-preprod-eu-north-1,False,,0
aws-aemilia-arn/Github-PR-Commit-Integration-Test-DoNotTouch-GitHubAutoBuildPrPreviewCanaryTest-v1-prod-eu-north-1,False,,0
aws-aemilia-mxp/Github-PR-Commit-Integration-Test-DoNotTouch-GitHubAutoBuildPrPreviewCanaryTest-v1-prod-eu-south-1,False,,0
aws-aemilia-cdg/Github-PR-Commit-Integration-Test-DoNotTouch-GitH-MJCD6L4M-v1-preprod-eu-west-3,False,,0
aws-aemilia-mxp/Github-PR-Commit-Integration-Test-DoNotTouch-GitH-MJCD6L4M-v1-preprod-eu-south-1,False,,0
aws-aemilia-sfo/Github-PR-Commit-Integration-Test-DoNotTouch-GitH-MJCD6L4M-v1-preprod-us-west-1,False,,0
aws-aemilia-cdg/Github-PR-Commit-Integration-Test-DoNotTouch-GitHubAutoBuildPrPreviewCanaryTest-v1-prod-eu-west-3,False,,0
scalr-automation/terraform-scalr-flat-mirror5,False,,0
aws-aemilia-lhr/Github-PR-Commit-Integration-Test-DoNotTouch-GitH-MJCD6L4M-v1-preprod-eu-west-2,False,,0
aws-aemilia-sfo/Github-PR-Commit-Integration-Test-DoNotTouch-GitHubAutoBuildPrPreviewCanaryTest-v1-prod-us-west-1,False,,0
aws-aemilia-pdx/Github-PR-Commit-Integration-Test-DoNotTouch-GitHubAutoBuildPrPreviewCanaryTest-v1-beta-us-west-2,False,,0
aws-aemilia-fra/Github-PR-Commit-Integration-Test-DoNotTouch-GitH-MJCD6L4M-v1-preprod-eu-central-1,False,,0
aws-aemilia-pdx/Github-PR-Commit-Integration-Test-DoNotTouch-GitH-MJCD6L4M-v1-preprod-us-west-2,False,,0
aws-aemilia-lhr/Github-PR-Commit-Integration-Test-DoNotTouch-GitHubAutoBuildPrPreviewCanaryTest-v1-prod-eu-west-2,False,,0
aws-aemilia-dub/Github-PR-Commit-Integration-Test-DoNotTouch-GitH-MJCD6L4M-v1-preprod-eu-west-1,False,,0
aws-aemilia-dub/Github-PR-Commit-Integration-Test-DoNotTouch-GitHubAutoBuildPrPreviewCanaryTest-v1-prod-eu-west-1,False,,0
aws-aemilia-pdx/Github-PR-Commit-Integration-Test-DoNotTouch-GitHubAutoBuildPrPreviewCanaryTest-v1-gamma-us-west-2,False,,0
aws-aemilia-fra/Github-PR-Commit-Integration-Test-DoNotTouch-GitH-MJCD6L4M-v1-prod-eu-central-1,False,,0
aws-aemilia-pdx/Github-PR-Commit-Integration-Test-DoNotTouch-GitHubAutoBuildPrPreviewCanaryTest-v1-prod-us-west-2,False,,0
aws-aemilia-yul/Github-PR-Commit-Integration-Test-DoNotTouch-GitH-MJCD6L4M-v1-prod-ca-central-1,False,,0
aws-aemilia-yul/Github-PR-Commit-Integration-Test-DoNotTouch-GitH-MJCD6L4M-v1-preprod-ca-central-1,False,,0
aws-aemilia-cmh/Github-PR-Commit-Integration-Test-DoNotTouch-GitH-MJCD6L4M-v1-preprod-us-east-2,False,,0
aws-aemilia-cmh/Github-PR-Commit-Integration-Test-DoNotTouch-GitHubAutoBuildPrPreviewCanaryTest-v1-prod-us-east-2,False,,0
scalr-automation/terraform-scalr-flat-mirror3,False,,0
bitnami/containers,False,,0
mergifyio-testing/functional-testing-repo-Greesb,False,,0
aws-aemilia-iad/Github-PR-Commit-Integration-Test-DoNotTouch-GitHubAutoBuildPrPreviewCanaryTest-v1-gamma-us-east-1,False,,0
aws-aemilia-iad/Github-PR-Commit-Integration-Test-DoNotTouch-GitH-MJCD6L4M-v1-preprod-us-east-1,False,,0
aws-aemilia-iad/Github-PR-Commit-Integration-Test-DoNotTouch-GitHubAutoBuildPrPreviewCanaryTest-v1-prod-us-east-1,False,,0
scalr-automation/terraform-scalr-flat,False,,0
scalr-automation/terraform-scalr-flat-mirror2,False,,0
scalr-automation/terraform-scalr-flat-mirror1,False,,0
pytorch/pytorch,True,2018-04-04T17:18:00+00:00,59
amplify-github-test-hkg/Github-PR-Commit-Integration-Test-DoNotTouch-GitHubAutoBuildPrPreviewCanaryTest-v1-prod-ap-east-1,False,,0
amplify-github-test-hkg/Github-PR-Commit-Integration-Test-DoNotTouch-GitH-MJCD6L4M-v1-preprod-ap-east-1,False,,0
elastic/kibana,True,2018-09-14T18:46:03+00:00,67
hmrc/build-and-deploy-canary-service,False,,0
aelmanaa/cl-docs,False,,0
StarRocks/starrocks,True,2022-06-25T03:52:11+00:00,21
home-assistant/core,True,2017-07-07T18:40:04+00:00,628
openshift/openshift-docs,True,2021-02-11T05:09:31+00:00,15
tensorflow/tensorflow,True,2017-07-13T21:51:47+00:00,10
prawn-test-staging-rw/check-web,False,,0
apache/doris,True,2024-06-26T06:59:19+00:00,12
WebKit/WebKit,True,2022-06-07T15:40:54+00:00,39
getsentry/sentry,True,2019-03-11T22:03:57+00:00,51
airbytehq/airbyte,True,2022-02-11T16:11:11+00:00,5
3bsalam-1/3bsalam-1,False,,0
firstcontributions/first-contributions,False,,0
karnotxyz/avail-campaign-listing,False,,0
redhat-appstudio-qe/sample-multi-component,False,,0
3bsalam-1/MountainCar,False,,0
ibm-developer-skills-network/jbbmo-Introduction-to-Git-and-GitHub,False,,0
SabreOSS/opentelemetry-collector-contrib,True,2020-06-06T18:21:51+00:00,125
openshift/release,False,,0
grafana/grafana,True,2019-12-11T21:34:32+00:00,59
openshift-cnv/cnv-fbc,False,,0
redhat-appstudio-qe/devfile-sample-hello-world,False,,0
redhat-appstudio-qe/hacbs-test-project,False,,0
dipper-github-preprod/report-individual-builds-batch-list,False,,0
coralogix/opentelemetry-collector-contrib,True,2020-06-06T18:21:51+00:00,119
brianchandotcom/liferay-portal,True,2025-09-08T12:11:53+00:00,14
openxla/xla,False,,0
zephyrproject-rtos/zephyr,True,2017-07-07T13:56:05+00:00,0
aquaproj/aqua-registry,False,,0
CorporationX/god_bless,False,,0
demisto/dockerfiles,True,2020-10-14T09:31:19+00:00,3
elastic/elasticsearch,True,2022-07-22T09:41:49+00:00,9
kovrus/opentelemetry-collector-contrib,True,2020-06-06T18:21:51+00:00,124
blimpup/malcolm-testing-repo,False,,0
3bsalam-1/Arabic-OCR,False,,0
ClickHouse/ClickHouse,True,2019-10-21T16:40:19+00:00,0
gravitational/teleport,True,2020-03-11T15:35:34+00:00,17
coinhall/yacar,False,,0
cockroachdb/cockroach,True,2017-07-28T12:49:47+00:00,26
redhat-appstudio-qe/build-nudge-child,False,,0
pcwiese/opentelemetry-collector-contrib,True,2020-06-06T18:21:51+00:00,134
eiriksm/musical-octo-doodle,False,,0
rust-lang/rust,False,,0
MrAlias/opentelemetry-collector-contrib,True,2020-06-06T18:21:51+00:00,155
DataDog/datadog-agent,True,2017-11-13T09:57:05+00:00,45
leanprover-community/mathlib4,False,,0
truecharts/charts,True,2020-12-31T11:47:56+00:00,7
philchia/opentelemetry-collector-contrib,True,2020-06-06T18:21:51+00:00,135
wolfi-dev/advisories,False,,0
python/cpython,True,2017-08-01T03:56:12+00:00,59
X-oss-byte/gatsby,True,2020-12-01T13:06:49+00:00,4
PaddlePaddle/Paddle,True,2024-04-23T06:24:55+00:00,30
trunk-io/flake-factory,True,2024-08-14T21:23:37+00:00,19
ydb-platform/ydb,True,2024-01-12T12:15:29+00:00,16
ministryofjustice/cloud-platform-environments,True,2019-08-19T15:50:00+00:00,2
redhat-appstudio-qe/hacbs-test-project-integration,False,,0
Yawn-Sean/Daily_CF_Problems,False,,0
metabase/metabase,True,2019-05-28T15:21:29+00:00,7
gitarcode-test/SpinalTap,False,,0
gitarcode-test/kaldb,False,,0
microsoft/vscode,True,2024-02-08T17:59:55+00:00,10
brotherlogic/logging,False,,0
aksatlanta-testing/devhub-e2e-preexisting-artifacts,False,,0
konflux-qe-bd/devfile-sample-python-basic,False,,0
gouthamve/opentelemetry-collector-contrib,True,2020-06-06T18:21:51+00:00,119
hongbo-miao/hongbomiao.com,True,2019-08-23T06:17:22+00:00,1
Automattic/wp-calypso,True,2019-03-19T14:47:33+00:00,16
firefly3823/firefly3823,False,,0
0xtorch/datasource,False,,0
langchain-ai/langchain,True,2024-11-06T00:43:11+00:00,4
flutter/flutter,True,2019-07-22T17:23:12+00:00,6
dotnet/runtime,True,2019-12-09T22:16:25+00:00,26
bioconda/bioconda-recipes,False,,0
flutter/engine,True,2023-02-22T22:02:55+00:00,3
johnearly32/test-repo,False,,0
mwear/opentelemetry-collector-contrib,True,2020-06-06T18:21:51+00:00,120
Expensify/App,True,2020-09-08T14:06:32+00:00,3
shortlink-org/shortlink,True,2019-10-27T22:44:23+00:00,1
mergifyio-testing/functional-testing-repo-Syffe,False,,0
bitnami/charts,False,,0
brotherlogic/pullrequester,False,,0
mouredev/roadmap-retos-programacion,False,,0
zed-industries/zed,False,,0
hmcts/cnp-flux-config,True,2019-08-01T09:41:35+00:00,35
signalfyi/support,False,,0
code-dot-org/code-dot-org,True,2019-11-06T01:33:16+00:00,4
mdn/translated-content,True,2021-03-02T15:04:50+00:00,9
space-wizards/space-station-14,True,2017-08-04T12:24:01+00:00,13
scantist-ossops-m2/vim,True,2020-09-05T11:48:58+00:00,121
NHSDigital/IOPS-FHIR-Simplifier-Backup,False,,0
is-a-dev/register,True,2022-03-04T09:27:12+00:00,2
redhat-appstudio-qe/build-nudge-parent,False,,0
uniget-org/tools,True,2023-09-03T21:22:01+00:00,1
godotengine/godot,True,2019-06-27T15:22:46+00:00,32
WordPress/gutenberg,True,2019-02-04T19:03:58+00:00,31
gitarcode-test/deeplearning4j,False,,0
ballerina-platform/ballerina-performance-cloud,True,2021-09-08T19:33:32+00:00,1
dotnet/sdk,True,2020-06-05T19:18:13+00:00,21
JetBrains/swot,False,,0
gitarcode-test/rewrite-migrate-java,False,,0
bbigras/nix-config,False,,0
flowarp/containers,True,2023-03-08T14:29:42+00:00,1
mergifyio-testing/functional-testing-repo-jd,False,,0
ceph/ceph,True,2019-08-01T15:04:37+00:00,9
gitarcode-test/BungeeCord,False,,0
web-platform-tests/wpt,True,2018-05-18T13:49:34+00:00,3
apache/airflow,True,2021-02-16T10:00:44+00:00,50
Jakab-Mate/MiCroSim.jl,False,,0
PostHog/posthog,True,2023-07-12T16:56:44+00:00,1
department-of-veterans-affairs/vets-website,True,2019-07-31T12:41:27+00:00,36
demisto/content,True,2020-11-13T17:34:42+00:00,27
SolaceDev/opentelemetry-collector-contrib,True,2020-06-06T18:21:51+00:00,173
dagster-io/dagster,True,2023-02-07T18:47:51+00:00,1
nrfconnect/sdk-nrf,True,2019-03-31T13:35:14+00:00,104
redhat-appstudio-qe/konflux-test-integration,False,,0
studio-pro/github_connector,False,,0
woocommerce/woocommerce,True,2022-11-29T21:18:45+00:00,4
oss4u/pulumi-opnsense-native,False,,0
bogdandrutu/opentelemetry-collector-contrib,True,2020-06-06T18:21:51+00:00,181
vercel/next.js,True,2019-03-15T12:46:01+00:00,0
redhat-appstudio-qe/devfile-sample-python-basic,False,,0
sys-int/opnsense-api,False,,0
oss4u/pulumi-teamcity-native,False,,0
oss4u/pulumi-youtrack-native,False,,0
oss4u/go-opnsense,False,,0
pingcap/tidb,True,2019-10-08T04:41:21+00:00,2
tgstation/tgstation,True,2017-12-16T20:53:10+00:00,38
redhat-appstudio-qe/hacbs-test-project-konflux-demo,False,,0
cloudflare/cloudflare-docs,True,2020-10-13T14:11:02+00:00,88
openvinotoolkit/openvino,True,2022-12-27T06:38:53+00:00,38
openjdk/jdk,False,,0
brain-tec/odoo,False,,0
googleapis/google-api-java-client-services,True,2020-09-29T22:23:52+00:00,2
maestro-auth-test/maestro-test2,False,,0
ibm-developer-skills-network/gkpbt-css-circle,False,,0
milvus-io/milvus,False,,0
camunda/camunda,True,2025-02-19T10:47:36+00:00,10
pass-culture/pass-culture-main,True,2023-01-06T10:06:23+00:00,2
brave/brave-core,True,2019-06-25T23:31:06+00:00,43
metersphere/metersphere,False,,0
idsb3t2/KEEP-pipeline-tests-resources,False,,0
Charcoal-SE/SmokeDetector,True,2019-10-24T20:50:20+00:00,1
dust-tt/dust,False,,0
DataDog/documentation,True,2018-06-27T17:23:30+00:00,24
spack/spack,False,,0
collibra/opentelemetry-collector-contrib,True,2020-06-06T18:21:51+00:00,171
CleverRaven/Cataclysm-DDA,False,,0
fleetdm/fleet,True,2021-07-22T18:14:10+00:00,20
paradigmxyz/reth,True,2024-07-16T19:18:20+00:00,13
open-telemetry/opentelemetry-collector-contrib,True,2020-06-06T18:21:51+00:00,181
soenneker/soenneker.runners.ffprobe,False,,0
jain-av/mq-demo,False,,0
gruyaume/snap-vault,False,,0
soenneker/soenneker.runners.ytdlp,False,,0
azure-sdk/azure-sdk-for-js,True,2019-07-11T15:54:53+00:00,123
soenneker/soenneker.runners.email.disposables,False,,0
discourse/discourse,True,2023-10-13T13:41:52+00:00,1
MaterializeInc/materialize,True,2023-01-12T04:33:44+00:00,14
runatlantis/atlantis-tests,False,,0
nextcloud/server,True,2017-07-07T06:44:01+00:00,35
albertteoh/opentelemetry-collector-contrib,True,2020-06-06T18:21:51+00:00,127
macports/macports-ports,False,,0
cilium/cilium,True,2017-10-12T14:06:07+00:00,44
gitinteg1/Repository1,False,,0
oxc-project/oxc,True,2024-11-20T13:14:43+00:00,6
pytorch/executorch,True,2025-02-19T22:17:37+00:00,26
tinygrad/tinygrad,False,,0
lokaliseAutomation/e2e-check-stage,False,,0
gentoo/gentoo,False,,0
void-linux/void-packages,False,,0
amir9979/reading_list,False,,0
peter-evans/create-pull-request-tests,False,,0
ibm-developer-skills-network/Centralized-repository-shipping_calculations,False,,0
Idea-Fighters/Food-Drop,False,,0
kubernetes/kubernetes,False,,0
Azure/azure-sdk-for-net,True,2019-07-11T16:03:28+00:00,227
aksatlanta-testing/devhub-e2e-artifact-gen,False,,0
AliceO2Group/O2Physics,True,2021-07-26T14:36:03+00:00,90
soenneker/soenneker.runners.ffmpeg,False,,0
selenium-sso-user/github-project,False,,0
SlackBuildsOrg/slackbuilds,False,,0
apache/spark,False,,0
azure-sdk/azure-sdk-for-java,True,2019-07-11T15:54:51+00:00,134
soenneker/soenneker.runners.zipcode,False,,0
AztecProtocol/aztec-packages,True,2023-12-30T16:42:13+00:00,13
tenstorrent/tt-metal,True,2025-04-24T19:54:47+00:00,116
MystenLabs/sui,True,2022-02-17T23:39:08+00:00,11
department-of-veterans-affairs/vets-api,True,2019-08-07T15:23:48+00:00,56
workflowsconnectortest/createpullrequest,False,,0
backstage/backstage,True,2020-02-01T15:06:42+00:00,24
functionaltests/createpullrequest,False,,0
OpenIndiana/oi-userland,False,,0
sonic-net/sonic-mgmt,True,2025-09-18T06:43:14+00:00,156
matrixorigin/matrixone,True,2022-06-29T12:04:24+00:00,18
ministryofjustice/modernisation-platform-environments,True,2021-05-21T15:21:00+00:00,70
facebook/react-native,False,,0
astral-sh/uv,False,,0
scalr-automation/opa-policy,False,,0
bytebase/bytebase,True,2022-03-01T23:05:18+00:00,4
taosdata/TDengine,True,2025-01-06T06:08:16+00:00,6
envoyproxy/envoy,True,2018-06-07T17:44:28+00:00,128
norwd/archive,False,,0
ros/rosdistro,True,2019-01-24T19:08:02+00:00,7
mdn/content,True,2020-10-30T16:58:01+00:00,12
vllm-project/vllm,True,2024-10-01T00:47:08+00:00,35
Automattic/jetpack,True,2017-07-24T16:32:31+00:00,3
gitarcode-test/epoxy,False,,0
OPS-E2E-PPE/E2E_RepoSync_Public_PubDev_IntegrationTest,False,,0
frappe/erpnext,True,2020-04-09T07:18:30+00:00,4
microsoft/FluidFramework,True,2020-08-31T16:55:51+00:00,6
MetaMask/metamask-extension,True,2018-07-18T03:14:53+00:00,21
Jammicus/opentelemetry-collector-contrib,True,2020-06-06T18:21:51+00:00,135
aperture-sci/loan-app,False,,0
dataease/dataease,False,,0
Azure/azure-sdk-for-java,True,2019-07-11T15:54:51+00:00,134
lightstep/opentelemetry-collector-contrib,True,2020-06-06T18:21:51+00:00,135
binary-com/deriv-app,True,2019-07-22T01:49:29+00:00,23
soenneker/soenneker.cosmos.repository,False,,0
expo/expo,False,,0
keycloak/keycloak,True,2023-01-30T12:05:45+00:00,6
ray-project/ray,True,2019-07-26T04:40:07+00:00,20
langgenius/dify,False,,0
Azure/azure-rest-api-specs,True,2024-06-11T20:31:21+00:00,210
stackrox/stackrox,True,2021-12-23T13:33:43+00:00,12
brotherlogic/provisioner,False,,0
petersandor/charts,True,2020-12-31T11:47:56+00:00,7
jup-ag/token-list,False,,0
mason-org/mason-registry,False,,0
aws4embeddedlinux/meta-aws,True,2021-10-29T01:12:54+00:00,1
openedx/openedx-translations,False,,0
brotherlogic/versiontracker,False,,0
withastro/docs,False,,0
GSSoC24/Postman-Challenge,False,,0
harness/developer-hub,True,2023-10-26T17:34:24+00:00,102
DefiLlama/DefiLlama-Adapters,False,,0
nammayatri/nammayatri,False,,0
huggingface/transformers,False,,0
hashicorp/vault,True,2025-09-22T19:38:10+00:00,9
protocolbuffers/protobuf,True,2022-10-31T20:45:15+00:00,8
azure-sdk/azure-sdk-for-python,True,2017-09-29T23:13:55+00:00,185
project-chip/connectedhomeip,True,2024-09-30T16:41:16+00:00,19
NouamaneTazi/NouamaneTazi,False,,0
asuresh4/opentelemetry-collector-contrib,True,2020-06-06T18:21:51+00:00,139
googleapis/google-api-ruby-client,True,2021-07-30T23:11:57+00:00,2
dipper-github-preprod/report-individual-builds-batch-graph,False,,0
Dolibarr/dolibarr,True,2019-02-15T14:58:34+00:00,1
dipper-github-preprod/report-individual-builds-batch-matrix,False,,0
home-assistant/home-assistant.io,True,2020-01-08T12:25:21+00:00,623
foundryvtt/pf2e,False,,0
googleapis/google-cloud-ruby,True,2020-05-06T16:51:46+00:00,8
runtipi/runtipi-appstore,False,,0
gitarcode-test/lottie-android,False,,0
DataDog/dd-trace-py,True,2019-02-14T13:56:30+00:00,13
azure-sdk/azure-sdk-for-go,True,2021-06-29T22:19:34+00:00,38
sourcegraph/sourcegraph,False,,0
Canva/opentelemetry-collector-contrib,True,2020-06-06T18:21:51+00:00,153
supabase/supabase,True,2021-07-14T21:20:57+00:00,8
anitvam/vagrant-libvirt,False,,0
aravindb26/backstage,True,2020-02-01T15:06:42+00:00,22
apache/camel,False,,0
risingwavelabs/risingwave,True,2023-08-30T10:52:24+00:00,1
newrelic/docs-website,True,2021-11-09T01:02:09+00:00,4
quarkusio/quarkus,False,,0
smartcontractkit/chainlink,True,2024-06-28T18:03:59+00:00,20
EuCarlos/lang,False,,0
Fluffy-Frontier/FluffySTG,True,2025-08-21T22:57:16+00:00,3
soenneker/soenneker.blob.suite,False,,0
pingcap/docs,False,,0
conda-forge/staged-recipes,False,,0
gitarcode-test/cassandra,False,,0
bitwarden/clients,True,2023-01-16T11:11:06+00:00,14
Azure/azure-sdk-for-python,True,2017-09-29T23:13:55+00:00,185
HendrikKlug-synthara/mytest,False,,0
frappe/frappe,True,2020-04-03T03:03:42+00:00,1
dotnet/docs,True,2018-03-10T01:48:28+00:00,24
apt-repositories/ubuntu,False,,0
island-is/island.is,True,2020-09-17T12:53:47+00:00,15
pagefaultgames/pokerogue,True,2024-08-25T01:09:29+00:00,3
AOSC-Dev/aosc-os-abbs,False,,0
Canva/mergequeue-trunk,False,,0
dmitryax/opentelemetry-collector-contrib,True,2020-06-06T18:21:51+00:00,136
Skyrat-SS13/Skyrat-tg,True,2017-12-16T20:53:10+00:00,7
microsoft/vcpkg,False,,0
cagov/cannabis.ca.gov,False,,0
intel/llvm,True,2020-03-28T10:08:58+00:00,30
TencentBlueKing/bk-monitor,False,,0
ovh/manager,True,2018-11-26T22:17:39+00:00,15
gravitee-io/gravitee-api-management,True,2021-10-13T06:47:00+00:00,2
cloudquery/cloudquery,True,2022-03-19T23:33:54+00:00,1
AudiusProject/audius-protocol,False,,0
appsmithorg/appsmith,True,2023-06-14T06:44:20+00:00,15
nanolith/libcparse,False,,0
gitarcode-test/kafka-statsd-metrics2,False,,0
MicrosoftDocs/azure-docs,True,2017-07-11T19:39:35+00:00,4
zulip/zulip,False,,0
apache/shardingsphere,False,,0
ethereum-optimism/optimism,True,2021-04-16T05:21:21+00:00,8
kubernetes/website,False,,0
alltheplaces/alltheplaces,False,,0
noroutine/upstream,False,,0
renovatebot/renovate,False,,0
mastodon/mastodon,False,,0
run-llama/llama_index,False,,0
apache/superset,True,2021-03-30T15:54:08+00:00,13
azure-sdk/azure-sdk-for-net,True,2019-07-11T16:03:28+00:00,228
apache/nuttx,True,2025-09-01T22:50:37+00:00,0
gitarcode-test/chancery,False,,0
l2beat/l2beat,False,,0
contentful/apps,True,2021-10-14T13:41:35+00:00,3
lowRISC/opentitan,True,2019-09-17T18:09:39+00:00,8
istio/istio,True,2018-01-26T18:24:24+00:00,15
deckhouse/deckhouse,True,2022-04-14T14:24:42+00:00,23
TMLeague/TMLeague.github.io,False,,0
thirdweb-dev/js,True,2023-02-18T21:49:09+00:00,5
redpanda-data/redpanda,True,2021-04-13T20:50:17+00:00,8
raycast/extensions,True,2021-12-09T11:44:50+00:00,2188
autowarefoundation/autoware.universe,True,2022-08-30T10:53:05+00:00,10
thoughtspot/thoughtspot-docs,False,,0
fang-yj/freenode,False,,0
ansys/ansys-tools-repo-sync,True,2023-08-08T09:04:04+00:00,1
pingcap/docs-cn,False,,0
github/docs,True,2020-09-27T12:10:11+00:00,2
pola-rs/polars,True,2023-05-18T15:15:01+00:00,8
mo9a7i/time_now,False,,0
gitarcode-test/plog,False,,0
konflux-qe-bd/retrodep,False,,0
systemd/systemd,False,,0
dhis2/dhis2-core,True,2024-06-05T15:01:30+00:00,2
opensearch-project/OpenSearch,True,2021-11-11T19:47:47+00:00,22
mohamedsabil83/lang,False,,0
DefiLlama/defillama-server,False,,0
apache/kafka,False,,0
deepflowio/deepflow,False,,0
astral-sh/ruff,True,2023-06-14T05:21:59+00:00,7
cosmos/cosmos-sdk,False,,0
jhipster/generator-jhipster,False,,0
aptos-labs/aptos-core,True,2022-06-06T19:02:40+00:00,36
conan-io/conan-center-index,False,,0
google/jax,False,,0
brotherlogic/discovery,False,,0
konflux-qe-bd/pip-e2e-test,False,,0
mozilla-mobile/firefox-ios,True,2023-03-07T22:38:16+00:00,6
bevyengine/bevy,False,,0
calcom/cal.com,True,2023-02-21T20:03:52+00:00,4
medusajs/medusa,True,2020-04-08T08:58:42+00:00,4
trezor/trezor-suite,True,2020-05-09T20:12:05+00:00,18
contentful/marketplace-partner-apps,True,2023-06-23T21:53:02+00:00,1
chillbram/attributes,False,,0
elastic/beats,True,2018-12-14T11:25:34+00:00,15
immich-app/immich,True,2024-04-08T21:04:25+00:00,4
TencentBlueKing/blueking-dbm,True,2023-05-29T07:14:30+00:00,21
betagouv/beta.gouv.fr,True,2024-07-09T08:56:43+00:00,0
brotherlogic/executor,False,,0
dfinity/oisy-wallet,True,2023-09-20T12:17:39+00:00,1
zemn-me/monorepo,True,2023-12-08T22:29:50+00:00,5
trinodb/trino,False,,0
PrefectHQ/prefect,True,2022-01-12T15:16:13+00:00,8
goauthentik/authentik,True,2023-05-11T18:26:04+00:00,5
woocommerce/woocommerce-test-reports,False,,0
navikt/pensjon-etterlatte-saksbehandling,True,2022-11-16T09:45:14+00:00,1
scylladb/scylladb,True,2020-07-23T06:21:47+00:00,17
soenneker/soenneker.redis.util,False,,0
n8n-io/n8n,True,2023-03-06T12:32:36+00:00,2
azure-sdk/azure-powershell,True,2020-05-09T08:02:31+00:00,16
nrwl/nx,True,2023-02-06T22:46:34+00:00,30
girichinna27/backstage-1,True,2020-02-01T15:06:42+00:00,22
nodejs/node,True,2018-05-06T04:34:50+00:00,31
apple/swift,True,2022-09-28T18:52:51+00:00,44
open-metadata/OpenMetadata,True,2022-09-23T11:04:55+00:00,8
firezone/firezone,True,2023-05-24T21:46:51+00:00,0
konflux-qe-bd/fbc-sample-repo,False,,0
nikgapps/config,False,,0
anza-xyz/agave,True,2024-04-24T05:04:15+00:00,4
angular/angular,False,,0
freeCodeCamp/freeCodeCamp,True,2018-10-13T17:29:15+00:00,5
department-of-veterans-affairs/caseflow,False,,0
neovim/neovim,False,,0
ccxt/ccxt,True,2022-05-14T00:10:47+00:00,3
Azure/azure-sdk-for-js,True,2019-07-11T15:54:53+00:00,123
cardano-foundation/cardano-token-registry,False,,0
iftg7n/Test,False,,0
Azure/bicep,False,,0
dylansnyk/backstage,True,2020-02-01T15:06:42+00:00,37
elfhosted/myprecious,False,,0
1024pix/pix,True,2024-01-05T16:28:24+00:00,8
grafana/loki,True,2023-07-19T14:36:12+00:00,7
ParadiseSS13/Paradise,True,2020-11-06T23:04:40+00:00,4
spectrocloud/librarium,True,2023-03-28T19:48:32+00:00,1
truecharts/public,True,2020-12-31T11:47:56+00:00,7
microsoft/azurelinux,True,2022-02-28T21:40:35+00:00,4
payloadcms/payload,True,2023-11-03T21:05:14+00:00,5
soenneker/soenneker.runners.nuget,False,,0
twentyhq/twenty,False,,0
sonic-net/sonic-buildimage,True,2021-02-01T05:00:04+00:00,17
openline-ai/openline-customer-os,False,,0
Unleash/unleash,True,2023-08-04T09:46:18+00:00,1
taiga-family/taiga-ui,True,2020-09-25T16:19:26+00:00,1
bluesky-social/social-app,False,,0
lvce-editor/lvce-editor,False,,0
CatChen/accept-to-ship-action,False,,0
jhipster/jhipster-lite,False,,0
commaai/openpilot,False,,0
BerriAI/litellm,False,,0
SatelliteQE/robottelo,True,2023-07-27T07:30:07+00:00,6
coder/coder,True,2024-11-15T07:16:28+00:00,7
facebookincubator/velox,True,2024-10-08T22:09:53+00:00,10
dotnet/roslyn,True,2017-07-10T21:49:06+00:00,7
toeverything/AFFiNE,True,2023-01-05T06:20:30+00:00,1
mui/material-ui,False,,0
afzalkilledar/backstage,True,2020-02-01T15:06:42+00:00,22
NVIDIA/NeMo,True,2024-07-26T15:27:45+00:00,4
scalr-automation/terraform-scalr-nested,False,,0
KBVE/kbve,True,2024-09-16T01:12:40+00:00,1
MJPeppersdev/mjpeppersdev,False,,0
vespa-engine/vespa,True,2025-04-23T13:33:32+00:00,14
ruby/ruby,False,,0
centreon/centreon,True,2022-11-14T13:49:53+00:00,12
obsidianmd/obsidian-releases,False,,0
OpenHUTB/carla_cpp,False,,0
soenneker/soenneker.validators.email.disposable.online,False,,0
GoogleCloudPlatform/magic-modules,True,2022-08-25T19:02:18+00:00,0
scalr-automation/terraform-scalr-nested-mirror5,False,,0
acemod/arma3-wiki,False,,0
fatsheep9146/opentelemetry-collector-contrib,True,2020-06-06T18:21:51+00:00,145
brotherlogic/sonosbridge,False,,0
kumahq/kuma,True,2019-11-02T23:40:21+00:00,1
dfinity/ic,True,2024-04-09T11:04:35+00:00,20
neondatabase/neon,True,2022-11-08T11:36:22+00:00,7
hashicorp/terraform-provider-aws,True,2023-02-22T18:13:30+00:00,3
opf/openproject,False,,0
servo/servo,True,2024-06-20T08:37:58+00:00,8
eiriksm/test-public,False,,0
DIYgod/RSSHub,False,,0
DimensionDev/firefly.mask.social,False,,0
electron/electron,True,2017-09-20T06:43:42+00:00,5
sourcegraph/cody,False,,0
swiftlang/swift,True,2022-09-28T18:52:51+00:00,44
MetaMask/metamask-mobile,True,2020-05-22T14:50:03+00:00,21
getsentry/sentry-javascript,True,2017-12-07T14:02:31+00:00,2
starkware-libs/sequencer,False,,0
qgis/QGIS,False,,0
mattermost/mattermost,True,2020-07-30T14:17:26+00:00,3
FreeCAD/FreeCAD,False,,0
civicrm/civicrm-core,False,,0
virt-s1/rhel-edge,False,,0
ggerganov/llama.cpp,True,2024-12-02T06:53:27+00:00,21
denoland/deno,False,,0
DefinitelyTyped/DefinitelyTyped,True,2017-08-18T20:43:39+00:00,6009
grafana/mimir,True,2022-01-11T14:33:19+00:00,8
LedgerHQ/ledger-live,True,2022-08-24T15:16:44+00:00,12
kyma-project/test-infra,True,2018-09-06T14:54:19+00:00,3
redhat-appstudio-qe-no-app/secret-lookup-sample-repo-two,False,,0
mdn/browser-compat-data,True,2019-04-15T09:49:35+00:00,2
openshift/hypershift,False,,0
paritytech/polkadot-sdk,True,2023-09-11T09:33:32+00:00,13
help-me-mom/ng-mocks,True,2020-02-22T16:30:27+00:00,1
mugijiru/.emacs.d,False,,0
hashgraph/hedera-services,True,2022-08-12T20:08:41+00:00,18
hmislk/hmis,False,,0
oven-sh/bun,True,2025-05-06T19:23:42+00:00,2
TravelMapping/UserData,False,,0
xmake-io/xmake-repo,False,,0
go-gitea/gitea,False,,0
Labrethonie/test-automation,False,,0
clearlydefined/curated-data,False,,0
hmcts/civil-citizen-ui,True,2023-01-26T10:17:03+00:00,2
cdklabs/construct-hub-probe,False,,0
Opentrons/opentrons,True,2020-02-07T18:15:34+00:00,3
SerenityOS/serenity,True,2023-01-03T15:40:33+00:00,5
DTS-STN/canadian-dental-care-plan,True,2024-04-12T16:20:55+00:00,4
zhifana/bounty-targets-data,False,,0
SwanseaUniversityMedical/DARE-Control,True,2024-07-24T15:16:29+00:00,5
duckdb/duckdb,False,,0
dreammall-earth/dreammall.earth,False,,0
php/php-src,True,2024-03-07T21:44:31+00:00,17
ant-design/ant-design,False,,0
scalr-automation/terraform-scalr-nested-mirror1,False,,0
scalr-automation/terraform-scalr-nested-mirror2,False,,0
prowler-cloud/prowler,True,2022-01-27T11:58:14+00:00,4
scalr-automation/terraform-scalr-nested-mirror4,False,,0
getsolus/packages,False,,0
transcom/mymove,False,,0
breadboard-ai/breadboard,False,,0
taikoxyz/taiko-mono,True,2025-06-26T12:41:08+00:00,11
getsentry/sentry-docs,True,2020-08-17T17:13:30+00:00,1
Graylog2/graylog2-server,False,,0
mosip/mosip-config,False,,0
gitarcode-test/okhttp,False,,0
ArduPilot/ardupilot,False,,0
KrishnaKTechnocredits/Jan24_Java,False,,0
ppc64le-cloud/builds,False,,0
eweOS/packages,False,,0
CitizenLabDotCo/citizenlab,False,,0
pisilinux/main,False,,0
laravel/framework,False,,0
cms-sw/cmssw,False,,0
cloudforet-io/console,False,,0
msys2/MINGW-packages,False,,0
ministryofjustice/modernisation-platform,True,2021-01-13T16:10:46+00:00,1
odoo/documentation,False,,0
attribsolutions/DeepManthan,False,,0
dotnet/aspire,True,2025-03-19T02:16:05+00:00,6
microsoft/onnxruntime,True,2018-11-26T09:14:09+00:00,3
web-infra-dev/rspack,True,2023-03-31T16:33:05+00:00,9
kubernetes-sigs/cloud-provider-azure,False,,0
mistodon/opentelemetry-collector-contrib,True,2020-06-06T18:21:51+00:00,99
scalr-automation/terraform-scalr-nested-mirror3,False,,0
DataDog/integrations-core,True,2018-06-04T09:53:33+00:00,20
xvrh/pub-scores,False,,0
codesandbox/sandbox-templates,False,,0
brotherlogic/gobuildmaster,False,,0
containers/podman-desktop,True,2022-03-16T14:07:17+00:00,7
root-project/root,True,2017-08-07T16:49:33+00:00,15
tldr-pages/tldr,True,2023-05-17T10:02:10+00:00,33
apache/beam,False,,0
toeverything/blocksuite,True,2023-11-16T03:16:17+00:00,1
scalar/scalar,True,2024-03-23T22:35:12+00:00,7
soenneker/soenneker.blazor.utils.interopeventlistener,False,,0
redhat-appstudio-qe/konflux-test-integration-status-report,False,,0
NovaSector/NovaSector,True,2017-12-16T20:53:10+00:00,3
JuliaLang/julia,True,2020-12-09T16:06:46+00:00,6
perryhuynh/homelab,True,2023-12-21T05:20:17+00:00,1
apache/iotdb,False,,0
KittyCAD/modeling-app,True,2025-06-16T20:39:07+00:00,2
gamoutatsumi/dotfiles,False,,0
mlflow/mlflow,False,,0
ICTU/quality-time,False,,0
konflux-qe-bd/docker-file-from-scratch,False,,0
boxp/arch,False,,0
fern-api/fern,True,2023-08-01T15:05:50+00:00,7
NodeScriptLang/infrastructure,False,,0
pandas-dev/pandas,True,2023-06-01T16:15:43+00:00,5
argoproj/argo-cd,True,2023-09-18T19:27:05+00:00,4
redhat-appstudio-qe/konflux-test-integration-with-env,False,,0
aabmass/opentelemetry-collector-contrib,True,2020-06-06T18:21:51+00:00,101
flutter/packages,True,2022-10-18T20:15:10+00:00,27
leanprover/lean4,True,2023-11-15T17:21:23+00:00,13
eugenp/tutorials,False,,0
soenneker/soenneker.extensions.datetime.suite,False,,0
nanolith/dangerfarm_contact,False,,0
paduszyk/reactor,False,,0
mP1/walkingkooka-spreadsheet-dominokit,False,,0
facebook/react,False,,0
JaredTan95/opentelemetry-collector-contrib,True,2020-06-06T18:21:51+00:00,153
rancher/rancher,True,2025-06-03T00:06:39+00:00,2
soenneker/soenneker.blazor.tomselect,False,,0
poad/github-pull-request-auto-merge-enable-action,False,,0
Rewrite0/temp,False,,0
langchain-ai/langchainjs,False,,0
brain-tec/design-themes,False,,0
gitarcode-test/timber,False,,0
seanmcquaid/mcquaid-stacks-cli,False,,0
aws-aemilia-hkg/Github-PR-Commit-Integration-Test-DoNotTouch-GitH-MJCD6L4M-v1-preprod-ap-east-1,False,,0
soenneker/soenneker.extensions.object,False,,0
balintzs/opentelemetry-collector-contrib,True,2020-06-06T18:21:51+00:00,101
web-infra-dev/rsbuild,False,,0
CollaboraOnline/online,True,2024-08-12T10:05:48+00:00,2
artem-shorokhov/opentelemetry-collector-contrib,True,2020-06-06T18:21:51+00:00,90
soenneker/soenneker.validators.email.disposable,False,,0
pulumi/docs,True,2024-07-25T20:00:32+00:00,0
code-423n4/code423n4.com,False,,0
grpc/grpc,True,2017-07-12T17:40:56+00:00,3
mui/mui-x,True,2020-08-25T09:39:30+00:00,4
rails/rails,True,2019-12-09T15:42:06+00:00,1
Mergifyio/docs,False,,0
gitbutlerapp/gitbutler,False,,0
X-oss-byte/Nextjs,True,2023-09-20T02:04:40+00:00,12
opensearch-project/OpenSearch-Dashboards,True,2018-09-14T18:46:03+00:00,34
CDCgov/prime-reportstream,True,2021-09-01T15:30:18+00:00,3
markpendlebury/ultrawide-wallpapers,False,,0
thisisbalu/exception-decoded,False,,0
Azure/azure-powershell,True,2020-05-09T08:02:31+00:00,20
apache/incubator-gluten,False,,0
langflow-ai/langflow,False,,0
googleapis/google-cloud-dotnet,True,2020-05-06T16:35:49+00:00,6
tastyhotdog1337/backstage,True,2020-02-01T15:06:42+00:00,32
newjersey/navigator.business.nj.gov,False,,0
alexperez52/opentelemetry-collector-contrib,True,2020-06-06T18:21:51+00:00,93
medusajs/medusa-starter-default,False,,0
al-mabsut/muslimah,False,,0
curl/curl,True,2022-09-14T18:09:54+00:00,0
kubernetes/test-infra,False,,0
Alvillarroel/Laravel-lang,False,,0
miasvanklei/gentoo,False,,0
NigelBreslaw/guardian-ghost,False,,0
mar4uk/opentelemetry-collector-contrib,True,2020-06-06T18:21:51+00:00,174
opensearch-project/documentation-website,True,2021-11-12T20:23:23+00:00,6
hmcts/civil-service,True,2023-02-13T13:43:47+00:00,2
amfoss/amPlace_contribution,False,,0
gradle/gradle,True,2020-07-21T14:04:27+00:00,11
buildbuddy-io/buildbuddy,False,,0
my-git9/opentelemetry-collector-contrib,True,2020-06-06T18:21:51+00:00,104
os-autoinst/os-autoinst-distri-opensuse,True,2023-04-07T00:59:57+00:00,23
elementor/elementor,False,,0
keiyoushi/extensions-source,True,2025-07-07T16:28:48+00:00,1
trustwallet/assets,False,,0
github/codeql,True,2018-08-10T09:04:01+00:00,23
shilxfly/cvelistV5,False,,0
dotnet/maui,True,2018-11-06T11:10:34+00:00,1
weaviate/weaviate,True,2022-12-02T10:33:13+00:00,1
yunionio/cloudpods,False,,0
pulumi/registry,True,2023-04-14T16:51:34+00:00,4
snyk-test/goof,False,,0
mudler/LocalAI,False,,0
truenas/middleware,False,,0
easybuilders/easybuild-easyconfigs,False,,0
bigbeartechworld/big-bear-casaos,True,2023-12-14T19:23:34+00:00,1
camunda/zeebe,True,2025-02-19T10:47:36+00:00,10
sveltejs/svelte,False,,0
apache/datafusion,False,,0
arcjet/arcjet-js,True,2023-12-22T18:10:12+00:00,1
microsoft/semantic-kernel,True,2023-06-16T23:37:56+00:00,3
ag-grid/ag-charts,True,2023-09-21T15:39:48+00:00,6
microsoft/playwright,False,,0
DevExpress/DevExtreme,True,2023-01-05T12:23:09+00:00,7
home-assistant/frontend,True,2025-08-01T09:49:47+00:00,2
lightdash/lightdash,False,,0
okxlin/appstore,False,,0
apache/arrow,True,2023-01-16T20:03:26+00:00,13
langfuse/langfuse,True,2024-03-28T14:53:04+00:00,0
OneKeyHQ/app-monorepo,True,2023-10-16T04:06:52+00:00,5
4k4xs4pH1r3/artemisa,False,,0
anuragverma108/SwapReads,False,,0
metasfresh/metasfresh,False,,0
gregoryfranklin/opentelemetry-collector-contrib,True,2020-06-06T18:21:51+00:00,97
hieudoanm/hieudoanm,True,2025-03-27T16:43:29+00:00,1
LadybirdBrowser/ladybird,True,2023-01-03T15:40:33+00:00,3
rolldown/rolldown,True,2025-09-08T01:56:20+00:00,4
kernel-patches/bpf,False,,0
brotherlogic/filecopier,False,,0
cometbft/cometbft,False,,0
sanity-io/sanity,True,2023-04-21T08:50:24+00:00,10
haraldkoch/kochhaus-home,True,2021-06-03T19:06:43+00:00,1
codeboten/opentelemetry-collector-contrib,True,2020-06-06T18:21:51+00:00,169
hashicorp/terraform-provider-google,True,2024-11-14T18:11:55+00:00,13
makeplane/plane,False,,0
youtube/cobalt,True,2023-08-15T15:13:40+00:00,8
clerk/javascript,False,,0
rerun-io/rerun,False,,0
custodian-sample-org/openai-quickstart-python,False,,0
rust-lang/crates.io,False,,0
TryGhost/Ghost,True,2020-02-17T13:05:05+00:00,4
tfevan/laravel-language,False,,0
ag-ramachandran/opentelemetry-collector-contrib,True,2020-06-06T18:21:51+00:00,174
OPS-E2E-PPE/docs-archive-test-source,False,,0
thmshmm/opentelemetry-collector-contrib,True,2020-06-06T18:21:51+00:00,153
DaoCloud/DaoCloud-docs,True,2024-06-27T10:09:55+00:00,18
soenneker/soenneker.extensions.httpclient,False,,0
musescore/MuseScore,False,,0
meshery/meshery,False,,0
sws2apps/organized-app,False,,0
sincejune/opentelemetry-collector-contrib,True,2020-06-06T18:21:51+00:00,177
gitarcode-test/ktor,False,,0
ydb-platform/nbs,False,,0
ente-io/ente,False,,0
spiceai/spiceai,True,2021-08-09T08:57:13+00:00,1
datahub-project/datahub,True,2020-12-01T01:02:50+00:00,1
wasmCloud/wasmCloud,True,2021-03-17T15:05:14+00:00,10
customeros/customeros,False,,0
goonstation/goonstation,True,2020-04-23T05:49:55+00:00,13
hannibal002/SkyHanni,False,,0
open-o11y/opentelemetry-collector-contrib,True,2020-06-06T18:21:51+00:00,104
unoplatform/uno,True,2019-07-08T06:35:05+00:00,1
goatcorp/DalamudPluginsD17,False,,0
gitarcode-test/kotlinx.coroutines,False,,0
bcgov/platform-services-registry,False,,0
CCBlueX/LiquidBounce,False,,0
digital-asset/daml,True,2019-05-16T12:12:30+00:00,6
octocat/Spoon-Knife,False,,0
openwrt/packages,False,,0
Homebrew/brew,True,2025-05-27T07:31:21+00:00,2
JuliaPackaging/Yggdrasil,False,,0
ONDC-Official/v1.2.0-logs,False,,0
signalco-io/signalco,False,,0
Appdynamics/opentelemetry-collector-contrib,True,2020-06-06T18:21:51+00:00,92
microsoft/kiota-samples,True,2021-05-21T16:58:04+00:00,1
activepieces/activepieces,False,,0
elastic/integrations,True,2022-03-03T15:53:15+00:00,24
aws/aws-cdk,True,2018-12-10T15:58:42+00:00,3
cloudflare/cloudflare-go,False,,0
dotnet/aspnetcore,True,2019-01-14T23:35:53+00:00,13
GCTC-NTGC/gc-digital-talent,False,,0
openwrt/openwrt,False,,0
soenneker/soenneker.cosmos.suite,False,,0
harness-automation/Gitx-automation,False,,0
cosmos/chain-registry,False,,0
PostHog/posthog.com,False,,0
RocketChat/Rocket.Chat,True,2022-04-13T14:28:52+00:00,5
ethereum/ethereum-org-website,True,2020-12-01T13:06:49+00:00,7
GaloyMoney/charts,False,,0
hashintel/hash,True,2023-01-09T21:13:28+00:00,3
CodeHarborHub/codeharborhub.github.io,True,2024-04-12T06:17:12+00:00,1
OISF/suricata,True,2017-09-30T11:13:58+00:00,6
Monkestation/Monkestation2.0,True,2017-12-16T20:53:10+00:00,0
abpframework/abp,False,,0
juspay/hyperswitch,True,2022-11-18T11:21:44+00:00,14
ecamp/ecamp3,False,,0
gitarcode-test/leakcanary,False,,0
geislor/backstage,False,,0
coolguy1771/home-ops,True,2021-04-19T19:13:46+00:00,1
sethAmazon/opentelemetry-collector-contrib,True,2020-06-06T18:21:51+00:00,107
redhat-appstudio/infra-deployments,False,,0
matter-labs/zksync-era,True,2023-02-15T08:42:28+00:00,6
move-cn/letsmove,False,,0
rapidsai/cudf,True,2019-04-10T15:17:06+00:00,7
ss220-space/Paradise,True,2020-11-06T23:04:40+00:00,2
hfyafter/create-pull-request,False,,0
markvoll/opentelemetry-collector-contrib,False,,0
jlord/patchwork,False,,0
stacklok/minder,True,2023-12-18T11:17:05+00:00,1
mlrun/mlrun,True,2025-03-10T12:09:52+00:00,15
kestra-io/kestra,False,,0
hashicorp/terraform-provider-google-beta,True,2024-11-14T18:12:03+00:00,13
DefectDojo/django-DefectDojo,True,2025-03-27T00:03:17+00:00,7
huaweicloud/terraform-provider-huaweicloud,False,,0
dotnet/installer,False,,0
symfony/symfony,True,2018-04-27T15:59:14+00:00,10
kubevirt/kubevirt,False,,0
mobbcitestjob/Mobb-Fixer-Demo-Checkmarx,False,,0
duneanalytics/spellbook,False,,0
soenneker/soenneker.blazor.filepond,False,,0
gitarcode-test/gogs,False,,0
nextcloud/spreed,True,2023-07-24T10:04:33+00:00,1
cloudflare/cloudflare-python,True,2024-02-14T01:25:15+00:00,1
dream-num/univer,True,2023-08-25T03:49:34+00:00,10
JesusFilm/core,True,2025-09-24T15:42:18+00:00,3
scylladb/scylla-cluster-tests,True,2024-06-05T10:57:45+00:00,2
netdata/netdata,True,2018-09-22T18:48:33+00:00,10
novuhq/novu,True,2024-04-25T10:52:43+00:00,2
wandb/weave,True,2023-10-02T21:34:05+00:00,5
aws-aemilia-hkg/Github-PR-Commit-Integration-Test-DoNotTouch-GitHubAutoBuildPrPreviewCanaryTest-v1-prod-ap-east-1,False,,0
projectdiscovery/nuclei-templates,False,,0
nocobase/nocobase,False,,0
elastic/apm-server,True,2023-07-18T07:41:54+00:00,2
omni-network/omni,True,2024-01-08T15:32:49+00:00,6
OpenDevin/OpenDevin,True,2025-05-09T21:54:46+00:00,4
CHOMPStation2/CHOMPStation2,True,2020-08-27T14:32:02+00:00,0
pancakeswap/pancake-frontend,True,2021-01-13T03:01:29+00:00,7
fedimint/fedimint,True,2023-04-06T20:23:11+00:00,6
OpenLiberty/open-liberty,False,,0
dxos/dxos,False,,0
docker-library/official-images,True,2024-01-03T19:25:57+00:00,2
aewag/physical-attack-collection,False,,0
FRRouting/frr,False,,0
firedancer-io/firedancer,True,2025-03-12T12:43:36+00:00,12
blakeblackshear/frigate,True,2023-07-26T10:50:41+00:00,5
dagger/dagger,True,2023-05-17T16:49:07+00:00,9
mrdoob/three.js,False,,0
apache/iceberg,False,,0
cloudflare/cloudflare-typescript,True,2024-02-14T02:16:59+00:00,1
1Panel-dev/appstore,False,,0
hashicorp/terraform-provider-azurerm,True,2024-10-17T16:03:04+00:00,3
wso2/identity-apps,False,,0
backstage/community-plugins,True,2024-02-08T09:06:50+00:00,68
open-telemetry/opentelemetry-collector,True,2019-02-18T19:59:10+00:00,10
maestro-auth-test/maestro-test3,False,,0
brotherlogic/bandcampserver,False,,0
getsentry/tacos-gha.demo,False,,0
projectnessie/nessie,False,,0
hcengineering/platform,False,,0
polarsource/polar,False,,0
aio-libs/aiohttp,True,2018-10-21T17:08:27+00:00,2
krezh/dextek,True,2024-03-11T16:01:48+00:00,1
manwar/perlweeklychallenge-club,False,,0
kamranahmedse/developer-roadmap,False,,0
SlashNephy/infrastructure,False,,0
batocera-linux/batocera.linux,False,,0
brotherlogic/gobuildslave,False,,0
systeminit/si,False,,0
ocaml/opam-repository,False,,0
apache/pinot,False,,0
nf-core/modules,True,2023-10-17T09:30:52+00:00,5
daos-stack/daos,True,2019-12-06T15:03:13+00:00,21
soenneker/soenneker.servicebus.transmitter,False,,0
aperture-sci/trio-app,False,,0
redhat-appstudio-qe/devfile-sample-hello-world-clone,False,,0
stdlib-js/stdlib,False,,0
duckdb/duckdb-web,False,,0
github/dmca,False,,0
civiform/civiform,True,2024-10-01T00:09:08+00:00,1
DARPA-ASKEM/terarium,True,2022-10-07T14:49:04+00:00,0
danswer-ai/danswer,True,2025-02-28T21:57:33+00:00,2
canonical/repo-policy-compliance-tests,False,,0
mergifyio-testing/functional-testing-repo-lecrepont01,False,,0
soenneker/soenneker.sendgrid.contacts,False,,0
szinn/k8s-homelab,False,,0
USA-RedDragon/home-cluster-flux,False,,0
microsoft/BCApps,True,2023-05-16T13:06:14+00:00,9
vercel/ai,False,,0
jeremybanka/wayforge,False,,0
casaub0n/casaub0n,False,,0
bazelbuild/bazel-central-registry,True,2025-09-08T10:17:08+00:00,1
h3mmy/bloopySphere,True,2021-10-27T19:05:14+00:00,1
WeblateOrg/weblate,True,2025-10-13T12:45:27+00:00,3
govuk-one-login/authentication-api,True,2023-10-27T12:16:31+00:00,4
soenneker/soenneker.git.util,False,,0
openedx/edx-platform,True,2019-04-25T17:47:12+00:00,6
openobserve/openobserve,False,,0
davidrunger/david_runger,False,,0
TouK/nussknacker,False,,0
LibreSign/libresign,True,2023-11-06T13:51:55+00:00,1
ToolJet/ToolJet,True,2024-08-09T09:25:42+00:00,3
mediumkreation/IndianList,False,,0
biomejs/biome,True,2022-07-11T07:41:10+00:00,1
hashicorp/nomad,True,2022-04-06T15:47:02+00:00,4
bakaphp/kanvas-ecosystem-api,False,,0
cmss13-devs/cmss13,True,2022-04-20T21:38:00+00:00,4
ethereum-lists/chains,False,,0
TBD54566975/ftl,True,2023-02-28T05:17:08+00:00,2
tgstation/TerraGov-Marine-Corps,True,2019-03-26T13:40:01+00:00,1
SSWConsulting/SSW.Rules.Content,False,,0
Arize-ai/phoenix,True,2025-05-08T02:07:06+00:00,4
GoogleCloudPlatform/k8s-config-connector,False,,0
alanwest/opentelemetry-collector-contrib,True,2020-06-06T18:21:51+00:00,131
tailcallhq/tailcall,False,,0
inventree/InvenTree,True,2022-05-27T01:04:40+00:00,2
DevDegree/eng-intern-challenge,False,,0
vitessio/vitess,True,2018-11-08T19:57:12+00:00,11
nuxt/nuxt,True,2024-06-28T15:24:40+00:00,1
python/typeshed,False,,0
RealEskalate/a2sv-g5-project-phase-starter-project,False,,0
mdn/yari,True,2023-10-26T11:20:37+00:00,2
ekenheim/home-ops-upgrade,False,,0
runelite/plugin-hub,True,2024-07-14T22:33:25+00:00,2
traceloop/openllmetry,False,,0
infiniflow/ragflow,False,,0
ziglang/zig,False,,0
mergifyio-testing/functional-testing-repo-DouglasBlackwood,False,,0
openshift/cincinnati-graph-data,False,,0
TabbyML/tabby,False,,0
dfinity/nns-dapp,True,2022-05-19T16:15:38+00:00,1
infonl/dimpact-zaakafhandelcomponent,True,2023-09-12T06:56:28+00:00,3
ProcessMaker/processmaker,False,,0
soenneker/soenneker.instantly.leads,False,,0
soenneker/soenneker.blob.download,False,,0
cloudflare/workers-sdk,True,2021-12-07T11:14:42+00:00,10
prestodb/presto,True,2022-04-19T13:36:01+00:00,20
SynthstromAudible/DelugeFirmware,True,2023-06-17T21:26:35+00:00,0
open-telemetry/opentelemetry-java-instrumentation,True,2019-05-10T17:30:18+00:00,1
mozilla/fxa,True,2022-01-27T18:58:49+00:00,2
iree-org/iree,True,2022-02-03T05:29:54+00:00,15
rilldata/rill,False,,0
soenneker/soenneker.cosmos.client,False,,0
TykTechnologies/tyk-docs,False,,0
stripe/stripe-android,True,2021-05-04T14:19:24+00:00,7
WordPress/wordpress-develop,False,,0
camunda/connectors,True,2023-02-10T14:13:03+00:00,2
kernel-patches/bpf-rc,False,,0
starkware-libs/cairo,False,,0
brotherlogic/recordadder,False,,0
Horiodino/bsf,False,,0
Unity-Technologies/opentelemetry-collector-contrib,True,2020-06-06T18:21:51+00:00,101
ankidroid/Anki-Android,False,,0
termux/termux-packages,True,2021-10-10T13:38:45+00:00,10
zalando-incubator/kubernetes-on-aws,False,,0
redwoodjs/redwood,False,,0
gitarcode-test/TypeScript,False,,0
tyriis/home-ops,False,,0
openshift/lightspeed-service,False,,0
Fellowship-Org/hercules-tools,False,,0
pypi/warehouse,True,2022-06-28T23:21:25+00:00,1
vlang/v,False,,0
OpenCTI-Platform/opencti,False,,0
syncfusion-content/blazor-docs,False,,0
david-fiaty/jam-native,False,,0
googleapis/elixir-google-api,True,2020-09-16T22:19:00+00:00,1
onedr0p/home-ops,True,2021-02-22T12:59:14+00:00,1
Innoverenit/hrcrm-nuboxed,False,,0
Chia-Network/chia-blockchain,True,2022-08-09T23:27:32+00:00,3
gitarcode-test/compose-multiplatform,False,,0
dotnet/dotnet-monitor,True,2020-09-25T21:15:08+00:00,1
enso-org/enso,True,2020-04-07T10:06:53+00:00,15
wandb/wandb,True,2022-04-09T01:35:13+00:00,3
containerbase/base,False,,0
hibernate/hibernate-orm,False,,0
withastro/astro,False,,0
microsoft/fluentui,True,2017-08-02T21:10:22+00:00,34
web-platform-tests/wpt-metadata,True,2024-07-11T14:12:24+00:00,2
gitarcode-test/guava,False,,0
pyca/cryptography,False,,0
cuichenli/opentelemetry-collector-contrib,True,2020-06-06T18:21:51+00:00,174
danielnachun/recipe_staging,False,,0
ibis-project/ibis,False,,0
gravitee-io/gravitee-access-management,True,2021-12-17T14:50:57+00:00,2
redhat-openshift-ecosystem/community-operators-prod,False,,0
hashgraph/hedera-mirror-node,False,,0
ultralytics/ultralytics,False,,0
larivierec/home-cluster,True,2023-08-21T16:58:40+00:00,1
flathub-infra/website,False,,0
Effect-TS/effect,True,2023-12-27T09:48:57+00:00,4
googleapis/google-api-php-client-services,True,2021-08-04T21:55:13+00:00,3
elifesciences/enhanced-preprints-e2e,False,,0
soenneker/soenneker.redis.suite,False,,0
brotherlogic/dstore,False,,0
axelor/axelor-open-suite,False,,0
gardener/gardener,False,,0
linux-riscv/linux-riscv,False,,0
JanssenProject/jans,True,2021-03-29T11:27:56+00:00,12
mondoohq/cnquery,True,2023-01-06T11:01:57+00:00,1
ppy/osu-wiki,True,2019-12-28T12:04:50+00:00,2
chimera-linux/cports,False,,0
Scille/parsec-cloud,True,2023-04-14T15:31:21+00:00,5
OpenRailAssociation/osrd,True,2021-11-02T16:56:55+00:00,7
Vikaspogu/k8s-gitops,True,2022-01-26T19:02:57+00:00,1
anyproto/anytype-swift,True,2022-06-03T09:58:07+00:00,1
azerothcore/azerothcore-wotlk,True,2025-09-27T11:36:14+00:00,1
aws-powertools/powertools-lambda-python,True,2022-07-22T12:24:48+00:00,1
elastic/elastic-agent,True,2018-12-14T11:25:34+00:00,7
emqx/emqx,True,2022-12-02T13:39:13+00:00,5
ILIAS-eLearning/ILIAS,False,,0
Gahon1995/live,False,,0
apache/druid,False,,0
ollama/ollama,False,,0
hmcts/sds-flux-config,True,2022-08-04T13:05:15+00:00,14
huggingface/diffusers,False,,0
oracle/graal,False,,0
open-chat-labs/open-chat,True,2021-11-12T16:08:58+00:00,4
Ornias1993/cluster,False,,0
Helicone/helicone,False,,0
29ki/29k,False,,0
OSGeo/gdal,False,,0
pulumi/pulumi,True,2024-02-16T11:31:23+00:00,1
oxidecomputer/omicron,False,,0
Fiserv/card-developer,False,,0
wireapp/wire-webapp,True,2021-06-15T13:56:40+00:00,2
chromebrew/chromebrew,False,,0
tangem/tangem-app-android,False,,0
apt-repositories/debian,False,,0
multiversx/mx-assets,False,,0
aws/jsii-rosetta,False,,0
soenneker/soenneker.queue.client,False,,0
mozilla/bigquery-etl,True,2019-08-21T19:27:18+00:00,7
terrapkg/packages,False,,0
qmk/qmk_firmware,False,,0
Samsung/ONE,False,,0
esphome/esphome,True,2020-07-25T13:57:18+00:00,232
matt-fff/testrep-dev2,False,,0
VoRe-ss13/ss13,True,2020-08-27T14:32:02+00:00,1
marimo-team/marimo,True,2025-07-10T12:12:44+00:00,5
BIBSYSDEV/NVA-Frontend,True,2020-06-04T11:00:11+00:00,4
michael0420/badou-ai-special-2024,False,,0
endoflife-date/endoflife.date,False,,0
snyk/dev-null,False,,0
soenneker/soenneker.servicebus.message,False,,0
gardener/ci-infra,False,,0
18F/identity-idp,False,,0
noir-lang/noir,False,,0
containers/podman,False,,0
microsoft/autogen,False,,0
kyverno/kyverno,True,2021-11-09T08:28:52+00:00,8
netology-code/git-2-homeworks-pr,False,,0
soenneker/soenneker.utils.string,False,,0
google/device-infra,False,,0
saleor/saleor,True,2022-11-03T17:13:21+00:00,1
digicert/reports,False,,0
mP1/walkingkooka-spreadsheet,False,,0
charmverse/app.charmverse.io,False,,0
ZukaBri3k/AlhaizBreizh,False,,0
langchain-ai/langgraph,False,,0
owncloud/ocis,True,2020-11-20T11:40:53+00:00,5
github/advisory-database,False,,0
ansible/aap-docs,False,,0
k8s-operatorhub/community-operators,False,,0
microsoft/testfx,False,,0
algolia/api-clients-automation,True,2022-09-01T09:12:43+00:00,5
arduino/library-registry,False,,0
Esri/calcite-design-system,True,2024-07-16T23:37:10+00:00,4
truenas/webui,True,2021-01-21T19:16:57+00:00,1
navikt/mulighetsrommet,True,2022-04-07T08:55:29+00:00,1
microsoft/promptflow,True,2023-08-24T08:24:03+00:00,8
by-The-Lindemans/wellium,False,,0
aws/eks-anywhere,False,,0
Card-Forge/forge,False,,0
openshift-eng/ocp-build-data,False,,0
datafuselabs/databend,True,2021-11-04T07:40:06+00:00,8
bazelbuild/bazel,True,2018-07-27T15:07:29+00:00,26
gitarcode-test/vscode,False,,0
Sylius/Sylius,True,2018-02-26T14:02:04+00:00,2
woocommerce/woocommerce-ios,True,2022-08-03T11:04:21+00:00,1
nocodb/nocodb,False,,0
envoyproxy/gateway,True,2023-03-29T00:59:24+00:00,1
UK-Export-Finance/exip,False,,0
dotCMS/core,True,2024-04-18T18:23:13+00:00,3
sgl-project/sglang,True,2024-10-21T13:28:32+00:00,25
xamarin/xamarin-macios,True,2017-09-15T12:19:45+00:00,6
soenneker/soenneker.blob.upload,False,,0
apache/ignite-3,False,,0
bigbluebutton/bigbluebutton,False,,0
chapel-lang/chapel,False,,0
rabbitmq/rabbitmq-server,False,,0
hofferkristof/laravel-lang,False,,0
braze-inc/braze-docs,True,2019-02-08T17:19:03+00:00,6
qdrant/qdrant,False,,0
scio-test-two/new-public-repro-scio-test-two,False,,0
aws/aws-toolkit-vscode,True,2019-07-29T15:39:40+00:00,4
Fatal1tyBarucco/chatbot-ui,False,,0
kubernetes-sigs/kueue,False,,0
flix/flix,False,,0
prashant-softel/CMMS_UI,False,,0
timurmelnikov/lang,False,,0
adap/flower,True,2020-07-13T13:50:51+00:00,8
gip-inclusion/les-emplois,False,,0
Earlo/fate,False,,0
LunarClient/ServerMappings,True,2023-01-26T22:49:06+00:00,5
salto-io/salto,False,,0
nushell/nushell,False,,0
fragment-dev/homebrew-tap,False,,0
tldraw/tldraw,False,,0
All-Hands-AI/OpenHands,True,2025-05-09T21:54:46+00:00,4
apache/hudi,False,,0
fro-bot/.github,True,2023-07-01T11:02:09+00:00,2
redhat-appstudio-qe/devfile-sample-python-basic-test2,False,,0
nginxinc/kubernetes-ingress,True,2022-10-18T20:30:53+00:00,1
redhat-openshift-ecosystem/certified-operators,False,,0
datastrato/gravitino,False,,0
intel/intel-xpu-backend-for-triton,True,2022-12-21T09:30:50+00:00,8
cloudnative-pg/cloudnative-pg,True,2020-12-14T13:59:55+00:00,4
web-platform-dx/web-features,False,,0
soenneker/soenneker.github.client,False,,0
synapsecns/sanguine,True,2022-10-14T20:12:56+00:00,6
stuttgart-things/stuttgart-things,False,,0
dmfrey/home-gitops,True,2024-11-12T19:22:49+00:00,1
apache/flink,False,,0
kamilkisiela/graphql-hive,False,,0
Aurorastation/Aurora.3,True,2018-01-08T01:58:08+00:00,5
open-webui/open-webui,False,,0
valora-inc/wallet,True,2019-07-18T19:05:27+00:00,1
MeshInspector/MeshLib,False,,0
vim/vim,False,,0
dotnet/AspNetCore.Docs,True,2024-08-03T04:26:06+00:00,2
harryzwh/winget-pkgs,True,2024-03-15T23:39:38+00:00,2
Portkey-Wallet/portkey-wallet,False,,0
soenneker/soenneker.redis.util.server,False,,0
vaadin/flow,False,,0
apollographql/router,True,2022-04-21T18:02:12+00:00,6
glpi-project/glpi,False,,0
nucleuscloud/neosync,False,,0
fshowalter/franksmovielog.com,False,,0
unlock-protocol/unlock,False,,0
scikit-learn/scikit-learn,False,,0
soenneker/soenneker.google.searchindex,False,,0
vectordotdev/vector,True,2019-11-25T20:49:57+00:00,5
DataDog/system-tests,True,2021-10-20T14:59:47+00:00,23
tangem/tangem-app-ios,False,,0
anurag-harness/kafka,False,,0
pdelewski/opentelemetry-collector-contrib,True,2020-06-06T18:21:51+00:00,90
prisma/prisma-examples,False,,0
soenneker/soenneker.sendgrid.client,False,,0
guardian/dotcom-rendering,True,2018-02-23T13:27:15+00:00,4
ArkStation13/Ark-Station-13,True,2025-04-21T17:33:31+00:00,4
infinispan/infinispan,True,2024-10-11T13:42:21+00:00,12
konsumation/frontend-svelte,False,,0
Silent4Devs/suite-web,False,,0
hmcts/civil-ccd-definition,True,2023-01-30T11:46:56+00:00,2
bytecodealliance/wasmtime,True,2023-03-28T18:13:34+00:00,5
equinor/ert,False,,0
osmosis-labs/osmosis,True,2022-05-03T18:06:22+00:00,7
dydxprotocol/v4-chain,True,2024-08-15T21:30:45+00:00,1
SchwarzIT/onyx,True,2023-12-04T08:25:10+00:00,1
yamada-ui/yamada-ui,True,2024-06-22T20:32:22+00:00,1
metriport/metriport,True,2023-05-09T21:59:00+00:00,7
NVIDIA/Fuser,False,,0
soenneker/soenneker.blob.container,False,,0
new-frontiers-14/frontier-station-14,True,2017-08-04T12:24:01+00:00,3
kkhys/me,False,,0
soenneker/soenneker.blob.sas,False,,0
UNDP-Data/geohub,False,,0
VenusProtocol/venus-protocol-interface,False,,0
suzuki-shunsuke/tfaction-example,False,,0
near/nearcore,True,2019-06-11T11:49:31+00:00,2
martinvonz/jj,True,2025-03-28T16:17:49+00:00,1
shapeshift/web,True,2022-03-23T16:32:29+00:00,1
davralin/cluster-ops,True,2024-05-25T07:43:44+00:00,1
HieuVM6868/GetBeanProject,False,,0
river-build/river,True,2024-05-20T00:20:26+00:00,12
openssl/openssl,True,2025-07-18T06:12:56+00:00,1
soenneker/soenneker.queue.service,False,,0
randovania/randovania,False,,0
UiPath-Platform/testrepos,False,,0
fyscs/cs2,False,,0
RedRoverSchool/JenkinsQA_2024_spring,False,,0
rotki/rotki,False,,0
google/XNNPACK,False,,0
wipash/homelab,False,,0
coinbase/onchainkit,False,,0
solliancenet/foundationallm,False,,0
ovh/docs,False,,0
sunflower-land/sunflower-land,True,2024-07-11T04:22:43+00:00,3
zanfranceschi/rinha-de-backend-2024-q1,False,,0
ansible/ansible-ui,True,2022-08-25T19:03:51+00:00,13
authelia/authelia,True,2025-08-23T06:23:22+00:00,1
ExodusIntelligence/demisto-dockerfiles,True,2020-10-14T09:31:19+00:00,4
NangoHQ/nango,False,,0
Dynatrace/dynatrace-operator,True,2022-03-25T11:55:28+00:00,1
soenneker/soenneker.redis.lock,False,,0
thewca/worldcubeassociation.org,False,,0
TCmanna/brookeafk-api,False,,0
artsy/force,False,,0
brotherlogic/recordsorg,False,,0
ministryofjustice/analytical-platform,True,2022-11-28T13:23:41+00:00,2
numpy/numpy,False,,0
soenneker/soenneker.google.credentials,False,,0
yunionio/dashboard,False,,0
doocs/leetcode,False,,0
ppc64le/build-scripts,False,,0
Significant-Gravitas/AutoGPT,True,2023-05-07T23:16:59+00:00,6
demos-europe/demosplan-core,False,,0
ravendb/ravendb,False,,0
brotherlogic/recordgetter,False,,0
uclouvain/osis-admission,False,,0
parti-renaissance/espace-adherent,False,,0
dependabot/dependabot-core,True,2020-09-22T09:35:03+00:00,2
auricom/home-ops,False,,0
nymtech/nym-vpn-client,False,,0
sanity-io/visual-editing,False,,0
arlac77/sync-test-repository,False,,0
gitarcode-test/thrifty,False,,0
espoon-voltti/evaka,False,,0
M1XZG/M1XZG,False,,0
rodent1/home-ops,False,,0
w5s/renovate-config,True,2022-02-15T22:10:50+00:00,0
soenneker/soenneker.swashbuckle.authentication,False,,0
mendix/docs,False,,0
pass-culture/pass-culture-app-native,True,2022-10-17T15:04:19+00:00,3
soenneker/soenneker.documents.document,False,,0
brotherlogic/recordsorganiser,False,,0
foundry-rs/foundry,True,2023-11-14T11:29:35+00:00,7
ministryofjustice/Claim-for-Crown-Court-Defence,True,2022-10-14T13:41:42+00:00,1
google/it-cert-automation-practice,False,,0
openstack-k8s-operators/ci-framework,True,2024-11-22T14:17:38+00:00,23
apache/ozone,False,,0
RMC-14/RMC-14,True,2017-08-04T12:24:01+00:00,2
Koenkk/zigbee-herdsman-converters,False,,0
networkservicemesh/deployments-k8s,False,,0
TEAMSchools/teamster,True,2023-08-07T19:07:41+00:00,5
IGinX-THU/IGinX,False,,0
dbt-labs/docs.getdbt.com,True,2020-07-10T18:59:12+00:00,3
soenneker/soenneker.twilio.restclient,False,,0
LeTraceurSnork/WordPress-Security-Advisories,False,,0
signalfx/splunk-otel-collector,True,2021-05-12T19:20:07+00:00,3
lovesegfault/nix-config,False,,0
OpenAPITools/openapi-generator,True,2020-01-05T14:23:04+00:00,8
folio-org/stripes-testing,False,,0
rwlove/home-ops,False,,0
ArchipelagoMW/Archipelago,True,2023-07-27T14:12:06+00:00,68
keymanapp/keyman,True,2022-02-17T23:56:04+00:00,0
sapcc/helm-charts,True,2024-04-05T09:22:28+00:00,93
docker/docs,True,2022-05-18T19:29:56+00:00,4
hebbet/Laravel-lang,False,,0
pixiebrix/pixiebrix-extension,False,,0
buroa/k8s-gitops,True,2023-03-28T19:54:42+00:00,1
promptfoo/promptfoo,False,,0
geneontology/go-ontology,False,,0
GreptimeTeam/greptimedb,True,2024-04-10T17:47:54+00:00,6
intel-analytics/ipex-llm,True,2022-07-26T02:22:40+00:00,3
lobehub/lobe-chat,False,,0
storybookjs/storybook,True,2023-07-19T14:45:34+00:00,2
strapi/strapi,False,,0
soenneker/soenneker.validators.email.mx,False,,0
mouredev/hello-git,False,,0
unkeyed/unkey,True,2023-10-01T11:11:03+00:00,7
Bubberstation/Bubberstation,True,2017-12-16T20:53:10+00:00,2
CorporationX/user_service,False,,0
soenneker/soenneker.validators.zipcode.exists,False,,0
soenneker/soenneker.youtube.client,False,,0
soenneker/soenneker.servicebus.suite,False,,0
juju/juju,True,2023-06-13T13:47:14+00:00,7
prometheus/prometheus,True,2021-03-01T22:16:32+00:00,11
soenneker/soenneker.documents.named,False,,0
sathishvjd/backstage,True,2020-02-01T15:06:42+00:00,31
AppFlowy-IO/AppFlowy,False,,0
hashicorp/consul,True,2019-01-03T20:01:16+00:00,5
gitarcode-test/apollo,False,,0
ledgerwatch/erigon,False,,0
joryirving/home-ops,True,2024-01-11T14:07:43+00:00,1
googleapis/discovery-artifact-manager,True,2021-04-22T22:23:03+00:00,2
tailscale/tailscale,True,2023-08-16T22:49:35+00:00,1
adobecom/milo,True,2023-05-04T22:07:00+00:00,25
windmill-labs/windmill,True,2022-05-10T07:41:44+00:00,3
emeryberger/CSrankings,False,,0
frankframework/frankframework,True,2025-05-07T09:41:00+00:00,1
Azure/azureml-assets,True,2022-07-08T23:06:46+00:00,14
crate/crate,False,,0
tvories/k8s-gitops,True,2021-06-21T19:27:32+00:00,1
yedarm2/ydkim,False,,0
DFE-Digital/education-benchmarking-and-insights,False,,0
budimanjojo/home-cluster,False,,0
candrews/jumpstart,False,,0
soenneker/soenneker.cosmos.serializer,False,,0
poad/examples,False,,0
PrairieLearn/PrairieLearn,True,2022-08-05T16:46:15+00:00,5
ahinko/home-ops,True,2022-05-11T20:22:29+00:00,1
PaddlePaddle/PaddleNLP,False,,0
DeepakReddyG/ZeroOneCodeClub_FirstWebDevProject,False,,0
soenneker/soenneker.blob.delete,False,,0
dfinity/portal,True,2022-03-18T08:38:21+00:00,12
FabianaCampanari/FabianaCampanari,False,,0
soenneker/soenneker.utils.json,False,,0
tonkeeper/ton-assets,False,,0
determined-ai/determined,True,2022-06-14T19:44:28+00:00,8
SAP/ui5-webcomponents,False,,0
open-telemetry/opentelemetry-go-contrib,True,2020-02-21T18:16:33+00:00,15
angular/angular-cli,False,,0
SkylineCommunications/dataminer-docs,True,2022-01-18T14:01:51+00:00,1
directus/directus,True,2021-05-14T14:58:45+00:00,4
liferay-echo/liferay-portal,True,2025-09-08T12:11:53+00:00,14
artsy/eigen,False,,0
cdk8s-team/cdk8s-plus,False,,0
Azure/AgentBaker,True,2023-03-14T19:04:05+00:00,17
Azure/Azure-Sentinel,True,2018-12-25T12:01:55+00:00,9
open-telemetry/opentelemetry.io,True,2021-03-29T19:06:26+00:00,1
terraware/terraware-web,True,2022-07-11T21:35:48+00:00,1
xdslproject/xdsl,False,,0
soenneker/soenneker.utils.backgroundqueue,False,,0
mmehta-10/kubernetes-ops,False,,0
dailydotdev/apps,True,2023-09-19T14:59:29+00:00,1
sagemath/sage,False,,0
temporalio/temporal,True,2021-02-02T17:24:18+00:00,2
vember31/home-ops,True,2024-02-20T19:46:26+00:00,1
scipy/scipy,True,2021-04-05T16:11:02+00:00,13
Team3132/AttendanceSystem,False,,0
ls1intum/Artemis,True,2019-08-28T16:49:27+00:00,14
rancher/charts,True,2024-02-15T08:35:20+00:00,13
BastionOfEndeavor/BastionOfEndeavor2,True,2020-08-27T14:32:02+00:00,1
dotnet/docs-aspire,True,2023-11-12T14:06:54+00:00,1
UK-Export-Finance/dtfs2,False,,0
cbc02009/k8s-home-ops,True,2022-08-24T14:15:01+00:00,1
dotnet/winforms,True,2018-11-19T20:06:42+00:00,1
KV-APAC-DNA/gitdbtadbplt001,False,,0
soenneker/soenneker.cloudflare.turnstile.validator,False,,0
brain-score/vision,False,,0
solana-labs/solana-web3.js,False,,0
openshift/microshift,False,,0
aws-aemilia-pdx/Github-PR-Commit-Integration-Test-DoNotTouch-Gith-P5X5MO5I-v1-beta-us-west-2,False,,0
gitarcode-test/mockito,False,,0
canonical/lxd,False,,0
JJGadgets/Biohazard,False,,0
liferay-core-infra/liferay-portal,True,2025-09-08T12:11:53+00:00,14
vyos/vyos-1x,True,2024-05-20T06:42:00+00:00,0
status-im/status-mobile,True,2019-05-15T11:45:30+00:00,3
infiniflow/infinity,False,,0
HimanshuNarware/Devlabs,False,,0
Kong/docs.konghq.com,True,2019-11-12T00:26:10+00:00,1
linkspreed/smm,False,,0
lfortran/lfortran,False,,0
SciPhi-AI/R2R,False,,0
leandrohstein/webfrota-urbs,False,,0
apache/pulsar,False,,0
aws-samples/talk-dev-to-me-twitch,False,,0
pytorch/xla,True,2023-04-27T20:53:37+00:00,4
biomejs/website,True,2024-04-08T19:48:55+00:00,1
NixOS/nix,True,2022-11-08T22:34:57+00:00,3
hicommonwealth/commonwealth,True,2022-08-29T16:08:30+00:00,7
gitarcode-test/gin,False,,0
devflowinc/trieve,False,,0
embrace-io/embrace-android-sdk,True,2023-10-13T16:15:23+00:00,5
secondlife/viewer,False,,0
conda-forge/conda-forge-pinning-feedstock,True,2019-07-10T19:13:04+00:00,1
dropwizard/dropwizard,True,2021-02-27T16:54:27+00:00,1
DataDog/dd-trace-java,True,2019-05-10T17:30:18+00:00,14
istio/istio.io,True,2019-04-26T18:43:27+00:00,4
bibiefrat/bibi-docker-ex1,False,,0
rhoai-rhtap/kserve,False,,0
vercel/turbo,True,2021-12-13T15:45:56+00:00,2
global-121/121-platform,False,,0
status-im/status-desktop,True,2024-10-07T07:41:46+00:00,9
cloudflare/terraform-provider-cloudflare,False,,0
googleapis/google-cloud-go,True,2020-06-16T20:22:07+00:00,15
javydekoning/homelab,False,,0
techmatters/terraso-mobile-client,False,,0
bitfoundation/bitplatform,False,,0
dimagi/commcare-hq,True,2019-02-21T17:05:00+00:00,19
meshtastic/firmware,False,,0
woocommerce/woocommerce-android,True,2022-08-03T13:47:37+00:00,2
libsdl-org/SDL,False,,0
psychobolt/vite-storybook-boilerplate,False,,0
GSYBD/SXLNLP,False,,0
ruffle-rs/ruffle,False,,0
datalens-tech/datalens-ui,False,,0
logto-io/logto,True,2022-08-01T11:31:26+00:00,6
scaleway/docs-content,True,2023-07-31T11:47:39+00:00,5
opfab/operatorfabric-core,False,,0
ponkio-o/dotfiles,False,,0
Walkover-Web-Solution/Giddh-New-Angular4-App,True,2021-06-22T06:17:21+00:00,2
ethereum/go-ethereum,True,2017-11-20T16:32:23+00:00,8
soenneker/soenneker.google.indexingservice,False,,0
AlexTomAQA/TestCapitalComPySe,False,,0
DeltaV-Station/Delta-v,True,2017-08-04T12:24:01+00:00,6
gradio-app/gradio,False,,0
platformatic/platformatic,False,,0
testmail-ihub/MergePullRequest-Repo,False,,0
binary-com/deriv-com,True,2021-09-27T09:39:31+00:00,8
dovanxinh02111997/test_fork,False,,0
nhsuk/manage-vaccinations-in-schools,True,2025-06-03T07:46:30+00:00,3
yaklang/yaklang,False,,0
kubernetes/minikube,False,,0
lunar-linux/moonbase-other,False,,0
lvgl/lvgl,False,,0
snowflakedb/snowpark-python,True,2021-06-03T03:43:42+00:00,3
succinctlabs/sp1,False,,0
Chia1104/chia1104.dev,False,,0
hmcts/darts-api,True,2023-03-07T14:23:08+00:00,1
checkstyle/checkstyle,False,,0
phishinqi/TrackersList,False,,0
bitcoin/bitcoin,False,,0
Azure/communication-ui-library,True,2021-02-17T20:49:20+00:00,4
erigontech/erigon,False,,0
webdriverio/webdriverio,True,2025-01-24T18:29:20+00:00,1
pangeacyber/pangea-javascript,True,2024-02-08T18:09:52+00:00,1
ForumMagnum/ForumMagnum,True,2021-10-06T13:45:24+00:00,1
VirtoCommerce/vc-deploy-dev,False,,0
highlight/highlight,False,,0
specklesystems/speckle-server,False,,0
soenneker/soenneker.documents.audit,False,,0
digitalservicebund/ris-backend-service,False,,0
H0llyW00dzZ/My-RESTAPIs-Boilerplate,False,,0
MatheMatrix/zstack,False,,0
react-native-oh-library/RNOHDCS,False,,0
MaibornWolff/SecObserve,False,,0
MisileLab/h3,False,,0
odoo/o-spreadsheet,False,,0
Caneta-Silva/weeb,False,,0
modal-labs/modal-client,False,,0
rustdesk/rustdesk,False,,0
eclipse-apoapsis/ort-server,True,2022-07-04T09:36:18+00:00,9
perrin4869/dotfiles,True,2025-05-19T05:59:59+00:00,1
tenstorrent-metal/tt-metal,True,2025-04-24T19:54:47+00:00,116
Qiskit/qiskit,True,2018-05-16T10:41:38+00:00,3
apache/paimon,False,,0
neinteractiveliterature/intercode,False,,0
fshowalter/franksbooklog.com,False,,0
streetsidesoftware/cspell,False,,0
PrestaShop/PrestaShop,True,2019-04-18T09:10:44+00:00,2
damemi/opentelemetry-collector-contrib,True,2020-06-06T18:21:51+00:00,93
aws-aemilia-pdx/Github-PR-Commit-Integration-Test-DoNotTouch-Gith-OKSLNVO2-v1-beta-us-west-2,False,,0
wireapp/wire-ios,False,,0
badou-Michael/badouai-ai-special-2024,False,,0
emacs-tree-sitter/tree-sitter-langs,False,,0
ardatan/graphql-mesh,False,,0
theopensystemslab/planx-new,False,,0
rh-hideout/pokeemerald-expansion,False,,0
bjw-s/home-ops,False,,0
ayush-that/FinVeda,False,,0
inno-2023-masters/S24-core-course-labs,False,,0
siglens/siglens,True,2023-10-31T22:37:11+00:00,3
databrickslabs/ucx,True,2023-09-02T10:44:21+00:00,1
scala/scala3,True,2025-07-14T11:54:00+00:00,1
aws/karpenter-provider-aws,True,2021-11-10T00:39:57+00:00,1
dd-center/vdb,False,,0
slvler/lang,False,,0
tomacheese/discord-tweet-embedder,False,,0
bcbi-test/automerge-integration-test-repo,False,,0
cosmos/ibc-go,False,,0
FabianaCampanari/SQL_LABS,False,,0
microsoft/kiota,True,2020-12-22T15:54:28+00:00,1
openshift/installer,False,,0
mong/mongts,False,,0
openSUSE/open-build-service,False,,0
PennyLaneAI/pennylane,True,2024-02-13T21:19:17+00:00,1
ppy/osu,False,,0
Alfresco/alfresco-process-sdk,False,,0
mrx7014/mrx7014,False,,0
SwiftPackageIndex/PackageList,False,,0
TheOdinProject/curriculum,False,,0
upesacm/21DaysOfCode-2024,False,,0
mullvad/mullvadvpn-app,True,2024-07-18T12:58:17+00:00,5
soenneker/soenneker.cosmos.database,False,,0
apache/gravitino,False,,0
brotherlogic/recordcleaner,False,,0
cataclysmbnteam/Cataclysm-BN,False,,0
mgueye01/home-ops,True,2024-11-17T16:08:46+00:00,1
webstudio-is/webstudio,False,,0
segmentio/segment-docs,True,2020-02-06T22:52:12+00:00,4
redhat-openshift-ecosystem/certified-operators-preprod,False,,0
replicatedhq/embedded-cluster,False,,0
mate-academy/layout_hello-world,False,,0
moby/moby,True,2017-07-20T16:26:42+00:00,7
mozilla/experimenter,True,2021-05-13T18:46:59+00:00,6
redhat-appstudio-qe/group-snapshot-multi-component,False,,0
SumoLogic/sumologic-documentation,True,2022-07-06T20:23:52+00:00,8
emscripten-core/emscripten,False,,0
pixeegithub-testuser4/pixeebot-test-add-codeql-repository,False,,0
prebid/Prebid.js,False,,0
continuedev/continue,True,2025-03-16T19:03:17+00:00,1
SerbiaStrong-220/space-station-14,True,2017-08-04T12:24:01+00:00,9
gabe565/home-ops,True,2023-12-17T06:40:44+00:00,1
GovAlta/adsp-monorepo,False,,0
openmeterio/openmeter,True,2025-02-14T13:07:48+00:00,1
jax-ml/jax,False,,0
jk-labs-inc/jokerace,False,,0
astropy/astropy,True,2022-06-10T13:12:03+00:00,12
solana-labs/solana-program-library,False,,0
linkerd/linkerd2,True,2018-01-19T18:56:20+00:00,1
jdx/mise,False,,0
jon77p/infrastructure,True,2022-10-08T23:09:05+00:00,1
rafaribe/home-ops,True,2021-09-24T22:20:44+00:00,1
dkw99/home-ops-dev,False,,0
linode/manager,True,2023-09-15T20:15:37+00:00,6
mchestr/home-cluster,True,2022-04-18T04:58:20+00:00,1
apecloud/kubeblocks,True,2023-06-07T02:45:14+00:00,9
Liquipedia/Lua-Modules,False,,0
SigNoz/signoz,True,2022-01-22T10:38:19+00:00,6
mnemonic-no/xsoar-dockerfiles,True,2020-10-14T09:31:19+00:00,3
owid/etl,False,,0
alexaorrico/AirBnB_clone_v2,False,,0
testcontainers/testcontainers-java,True,2018-03-26T21:16:27+00:00,1
etcd-io/etcd,False,,0
LordRonz/LordRonz,False,,0
soenneker/soenneker.utils.dotnet,False,,0
codeforamerica/vita-min,False,,0
zed-industries/extensions,False,,0
GoogleCloudPlatform/terraform-google-conversion,True,2023-06-16T18:42:42+00:00,1
soenneker/soenneker.sendgrid.client.validation,False,,0
KrishnaKTechnocredits/NOV24_JAVA,False,,0
apache/nifi,False,,0
book000/twitter-rss,False,,0
Mustapha-AJEGHRIR/Mustapha-AJEGHRIR,False,,0
qlaffont/starter-api,False,,0
JellyBrick/modern-web-swiss-army-knife,False,,0
updatecli/updatecli,True,2020-04-28T20:33:56+00:00,0
aziontech/azion-console-kit,True,2023-08-23T15:52:53+00:00,3
drae/k8s-home-ops,True,2024-03-11T11:32:09+00:00,0
Harmon758/Harmonbot,False,,0
PipedreamHQ/pipedream,False,,0
haikuports/haikuports,False,,0
theforeman/foreman-packaging,True,2024-10-14T10:13:09+00:00,1
Gh0stBlade/KAIN2,False,,0
mmatheson/matt-flake-factory,True,2024-08-14T21:23:37+00:00,19
soenneker/soenneker.utils.nuget,False,,0
gchq/sleeper,False,,0
spotinst/help,False,,0
great-expectations/great_expectations,True,2021-08-31T20:08:13+00:00,0
ARF-SS13/coyote-bayou,True,2022-10-04T03:02:15+00:00,1
Netflix/dispatch,True,2020-02-11T19:34:31+00:00,0
theballaam96/candys-shop,False,,0
HumanWisdom/development_course,False,,0
kubernetes-sigs/cluster-api,False,,0
dmcavinue/home-infra,False,,0
janus-idp/backstage-plugins,True,2023-06-27T14:32:33+00:00,18
formbricks/formbricks,False,,0
gitarcode/unleash,False,,0
VKCOM/VKUI,True,2020-10-02T09:22:43+00:00,2
KhronosGroup/Vulkan-ValidationLayers,True,2023-01-04T19:19:02+00:00,1
haiwen/seahub,False,,0
jorgeacjitx/dockerfiles,True,2020-10-14T09:31:19+00:00,3
Skaronator/homelab,False,,0
nextcloud/text,True,2023-04-20T09:59:03+00:00,3
james-p-org-repos/terrafail,False,,0
soenneker/soenneker.ipqs.phone,False,,0
evemonk/evemonk,True,2021-05-14T14:21:14+00:00,1
openjournals/joss-papers,False,,0
armorblox/dockerfiles,True,2020-10-14T09:31:19+00:00,2
ministryofjustice/laa-apply-for-legal-aid,True,2023-01-31T17:16:30+00:00,1
prisma/ecosystem-tests,True,2022-05-09T08:12:35+00:00,1
sigp/lighthouse,True,2025-01-08T00:39:48+00:00,2
concrete-utopia/utopia,False,,0
yogstation13/Yogstation,True,2017-12-16T20:53:10+00:00,4
mesosphere/kommander-applications,False,,0
soenneker/soenneker.blob.service,False,,0
tomacheese/samechan-crawler,False,,0
cockpit-project/bots,False,,0
netology-code/andin-code,False,,0
w5s/project-config,True,2022-02-10T22:22:35+00:00,0
duckduckgo/iOS,False,,0
janhq/jan,False,,0
openvinotoolkit/training_extensions,True,2023-11-23T04:39:14+00:00,11
rooch-network/rooch,True,2023-08-05T11:32:22+00:00,12
OZI-Project/OZI,True,2024-01-18T02:37:23+00:00,10
elastic/security-docs,True,2023-11-13T22:46:39+00:00,2
podaac/l2ss-py-autotest,False,,0
reactos/reactos,True,2019-06-30T14:12:58+00:00,30
zero-to-mastery/start-here-guidelines,False,,0
oss-review-toolkit/ort,True,2019-08-14T11:49:07+00:00,7
pass-culture/data-gcp,False,,0
davidsneighbour/hugo-modules,True,2023-10-30T14:47:43+00:00,0
hyperlane-xyz/hyperlane-monorepo,True,2021-04-20T22:10:40+00:00,14
Comfy-Org/ComfyUI_frontend,True,2024-12-07T03:29:21+00:00,16
localstack/localstack,True,2022-03-06T10:42:13+00:00,21
InternLM/Tutorial,False,,0
medplum/medplum,True,2021-04-25T17:25:30+00:00,2
viamrobotics/docs,False,,0
pando85/homelab,False,,0
portefaix/portefaix-kubernetes,False,,0
ansible-collections/community.general,False,,0
thomaspoignant/go-feature-flag,False,,0
tomacheese/pixiv-public-to-private,False,,0
aws/eks-anywhere-build-tooling,False,,0
konflux-ci/testrepo,False,,0
syncfusion-content/ej2-asp-core-mvc-docs,False,,0
microsoft/typespec,True,2021-10-20T21:23:58+00:00,32
prisma/prisma,True,2021-05-17T16:11:30+00:00,1
neondatabase/website,True,2022-10-11T11:51:06+00:00,3
ilhamlutfi/lang,False,,0
Homebrew/homebrew-cask-versions,False,,0
google/gvisor,False,,0
mukkhtarr/testmj.com,False,,0
OpenXiangShan/XiangShan,True,2023-10-24T01:45:25+00:00,16
Azure/azure-sdk-for-go,True,2021-06-29T22:19:34+00:00,38
OrchardCMS/OrchardCore,False,,0
tomacheese/sasuke-dinner-notify,False,,0
redhat-cop/agnosticd,True,2021-07-23T14:01:02+00:00,5
projectpas/PAS_DB,False,,0
soenneker/soenneker.redis.client,False,,0
MinaProtocol/mina,True,2019-05-11T20:44:43+00:00,7
Automattic/pocket-casts-android,True,2022-06-23T01:59:02+00:00,1
DevSecNinja/home,False,,0
git-town/git-town,True,2017-11-22T10:52:04+00:00,1
trilitech/umami-v2,False,,0
ag-grid/ag-grid,False,,0
red-hat-storage/ocs-ci,True,2019-05-07T09:28:08+00:00,12
google/tsl,False,,0
Budibase/budibase,True,2023-11-30T11:34:11+00:00,1
custodian-sample-org/instructor,False,,0
galaxyproject/galaxy,False,,0
MaaAssistantArknights/MaaAssistantArknights,False,,0
getlago/lago-api,False,,0
opsmill/infrahub,True,2024-11-26T10:19:38+00:00,4
reitermarkus/automerge,False,,0
ishioni/homelab-ops,True,2021-11-24T01:04:32+00:00,1
scsbot/spring-petclinic,False,,0
egovernments/DIGIT-Frontend,True,2024-01-23T05:45:24+00:00,2
carldanley/home-ops,False,,0
ideacrew/enroll,True,2021-12-13T23:52:49+00:00,3
Kong/kong,False,,0
ModaOperandi/om,False,,0
AsyncTI4/TI4_map_generator_bot,False,,0
ryoppippi/dotfiles,False,,0
gi8lino/k8s-gitops,False,,0
homarr-labs/homarr,True,2024-04-23T17:27:04+00:00,1
MicrosoftDocs/msteams-docs,False,,0
open-condo-software/condo,False,,0
kubernetes/ingress-nginx,False,,0
soenneker/soenneker.utils.file,False,,0
stolostron/rhacm-docs,False,,0
web-infra-dev/modern.js,False,,0
openbuildxyz/Web3-Frontend-Bootcamp,False,,0
wiredtiger/wiredtiger,True,2025-05-20T05:44:41+00:00,1
soenneker/soenneker.redis.client.server,False,,0
tianocore/edk2,False,,0
DataDog/dd-trace-dotnet,True,2019-01-24T17:48:11+00:00,11
kuzudb/kuzu,True,2024-10-07T02:40:58+00:00,1
kubernetes/k8s.io,False,,0
renovatebot/helm-charts,False,,0
ElectricHermit/vegas-pro-version,False,,0
LearnNotes2023/jsChallenges,False,,0
uc-cdis/cdis-manifest,True,2020-05-13T22:55:53+00:00,12
TobikoData/sqlmesh,False,,0
ministryofjustice/hmpps-approved-premises-api,False,,0
neo4j/graphql,True,2021-04-08T11:35:44+00:00,7
scantist-ossops-m2/git,False,,0
tekdi/eg-website,False,,0
jauderho/dockerfiles,False,,0
raviqqe/stak,False,,0
soenneker/soenneker.blazor.utils.session,False,,0
asakatida/chimera,False,,0
visualon/docker-renovate,False,,0
Azure/azure-rest-api-specs-examples,False,,0
pacstall/pacstall-programs,False,,0
yotsuba-limited/bsf,False,,0
dragonflydb/dragonfly,False,,0
openhab/openhab-addons,True,2010-02-20T18:23:32+00:00,259
homesengland/he-ssp,False,,0
Xtuden-com/gatsby,True,2018-09-24T23:07:18+00:00,8
boxyhq/ui,False,,0
vivid-planet/comet,False,,0
sudo-thoth/2Test,False,,0
atlbha-faz/backend_atlbha,False,,0
cloudflare/workerd,True,2023-10-24T14:18:03+00:00,5
microsoft/TypeScript,False,,0
mozilla/blurts-server,True,2019-02-28T00:08:43+00:00,2
Altinn/altinn-studio,True,2025-06-02T14:16:19+00:00,3
danmar/cppcheck,False,,0
PublicisSapient/PSknowHOW,False,,0
getsentry/snuba,True,2019-11-19T01:48:22+00:00,10
soenneker/soenneker.cloudflare.client,False,,0
SAP/spartacus,True,2020-02-06T12:09:11+00:00,9
chroma-core/chroma,False,,0
eclipse-openj9/openj9,True,2023-11-24T15:40:19+00:00,1
grafana/oncall,True,2022-11-29T17:28:33+00:00,5
Steve-xmh/amll-ttml-db,False,,0
airqo-platform/AirQo-api,False,,0
beyond-all-reason/Beyond-All-Reason,False,,0
renovatebot/base-image,False,,0
vercel/vercel,True,2019-03-13T02:45:49+00:00,17
kadena-community/kadena.js,True,2022-07-22T07:15:36+00:00,5
slint-ui/slint,False,,0
belgattitude/nextjs-monorepo-example,False,,0
GTNewHorizons/GT5-Unofficial,True,2022-01-18T07:27:55+00:00,1
k0sproject/k0s,True,2020-10-27T09:25:24+00:00,2
ansible/ansible,False,,0
mietzen/oisd-blocklist-mirror,False,,0
wazuh/wazuh,False,,0
build-trust/ockam,True,2019-01-15T16:24:26+00:00,0
googleapis/google-cloud-cpp,True,2020-05-02T22:33:49+00:00,2
nix-community/nixvim,False,,0
kcrane3576/python-multifile-simple,False,,0
deepmodeling/abacus-develop,False,,0
The-OpenROAD-Project/OpenROAD,False,,0
Azure/LogicAppsUX,True,2025-01-21T20:47:09+00:00,0
mikhailprivalov/l2,False,,0
owncloud/web,False,,0
AliceO2Group/AliceO2,True,2019-07-19T14:24:42+00:00,45
damacus/home-ops,False,,0
ankitnayan/opentelemetry-collector-contrib,True,2020-06-06T18:21:51+00:00,85
db-ui/mono,False,,0
keephq/keep,False,,0
kyverno/chainsaw,True,2023-12-01T21:13:33+00:00,1
boxyhq/jackson,False,,0
BibliothecaDAO/eternum,False,,0
umbraco/Umbraco.CMS.Backoffice,False,,0
decentraland/unity-explorer,True,2025-01-14T16:55:07+00:00,2
cdk8s-team/cdk8s-cli,False,,0
scaleway/ultraviolet,True,2024-10-18T07:57:12+00:00,3
taiga-family/renovate-config,True,2024-10-09T15:49:32+00:00,1
danskernesdigitalebibliotek/dpl-cms,False,,0
lean-delivery/ansible-role-sonarqube,False,,0
dhavelock/backstage,True,2020-02-01T15:06:42+00:00,25
Khmelov/ADS2024-02-15,False,,0
redhat-appstudio/jvm-build-service,False,,0
osnabrugge/home-ops,True,2023-12-09T16:44:02+00:00,1
shivammathur/homebrew-php,False,,0
alloy-rs/alloy,True,2023-08-28T19:42:17+00:00,6
ubicloud/ubicloud,False,,0
JetBrains/ring-ui,False,,0
philips-validation/github-validation,False,,0
run-house/runhouse,False,,0
jenkinsci/jenkins,False,,0
OSGeo/grass,False,,0
pvme/pvme-guides,False,,0
anoma/namada,False,,0
typescript-eslint/typescript-eslint,True,2025-09-02T11:42:54+00:00,3
openshift/assisted-service,False,,0
LandSandBoat/server,False,,0
ogcio/life-events,False,,0
InfozIT/ATBT_FrontEnd,False,,0
dotnet/fsharp,True,2022-10-25T13:01:46+00:00,1
luisquintanilla/docs,True,2018-03-10T01:48:28+00:00,20
soenneker/soenneker.cosmos.container,False,,0
sircharlo/meeting-media-manager,False,,0
1Panel-dev/1Panel,False,,0
evcc-io/evcc,False,,0
VecherVhatuX/learning_data_science_in_prison,False,,0
Apicurio/apicurio-registry,False,,0
govuk-one-login/ipv-core-back,True,2021-10-20T11:06:04+00:00,2
Skyvern-AI/skyvern,False,,0
home-assistant/brands,False,,0
jenkinsci/bom,True,2023-05-08T12:36:49+00:00,1
EtherealEngine/etherealengine,True,2024-07-13T11:52:08+00:00,17
jumpserver/jumpserver,False,,0
openSUSE/qem-dashboard,False,,0
qlonik/musical-parakeet,False,,0
vitejs/vite,False,,0
yairm210/Unciv,False,,0
3dwardch3ng/home-cluster-ops,False,,0
AntoniHub/C0D3X,False,,0
weaviate/weaviate-io,False,,0
armbian/build,True,2022-12-14T22:49:38+00:00,93
echo-webkom/echo-web-mono,False,,0
trufflesecurity/trufflehog,True,2022-07-13T01:06:35+00:00,4
VictoriaMetrics/VictoriaMetrics,False,,0
https-quantumblockchainai-atlassian-net/backstage,True,2020-02-01T15:06:42+00:00,38
lichess-org/lila,False,,0
kashalls/home-cluster,True,2021-08-24T00:40:02+00:00,1
tokiwa-software/fuzion,False,,0
inmanta/inmanta-core,False,,0
withglyph/glyph,True,2023-08-01T05:27:47+00:00,4
EricCrosson/dotfiles,False,,0
filamentphp/filament,True,2023-11-18T13:28:09+00:00,2
gooddata/gooddata-ui-sdk,False,,0
msupply-foundation/open-msupply,False,,0
xbmc/xbmc,True,2019-10-22T16:12:21+00:00,5
reflex-dev/reflex,True,2024-11-06T17:30:43+00:00,1
lftsolutions-blog/lft-bp-jenkins,False,,0
element-hq/element-x-android,True,2023-05-09T15:07:23+00:00,1
naikibro/jokeGenerator,False,,0
codemod-com/codemod,False,,0
puppeteer/puppeteer,False,,0
BlueWallet/BlueWallet,False,,0
AmadeusITGroup/otter,True,2023-01-18T20:37:56+00:00,10
statsig-io/docs,False,,0
nvaccess/addon-datastore,True,2025-07-10T05:40:54+00:00,1
invoke-ai/InvokeAI,True,2022-10-12T18:34:51+00:00,7
planetarium/NineChronicles,True,2021-02-26T05:52:51+00:00,3
akuity/kargo,True,2023-03-03T12:53:57+00:00,2
element-plus/element-plus,True,2025-08-09T01:33:16+00:00,1
rancher/dashboard,False,,0
DFE-Digital/apply-for-teacher-training,False,,0
keldaanCommunity/pokemonAutoChess,False,,0
pucardotorg/dristi-solutions,False,,0
xuxiaowei-cloud/spring-cloud-xuxiaowei,False,,0
django/django,False,,0
streamlit/streamlit,True,2019-10-10T22:40:46+00:00,1
trethore/SAE3-PACT-TripEnArvor,False,,0
osmosis-labs/assetlists,False,,0
vexxhost/atmosphere,False,,0
empirical-org/Empirical-Core,False,,0
ryan-theta/backstage,True,2020-02-01T15:06:42+00:00,25
mongodb-js/compass,True,2025-06-12T13:00:18+00:00,1
OneCommunityGlobal/HighestGoodNetworkApp,False,,0
biohackerellie/FlexRoster,False,,0
avinashkumar18/backstage,True,2020-02-01T15:06:42+00:00,24
soenneker/soenneker.instantly.unibox,False,,0
wso2/docs-apim,True,2024-11-01T12:52:00+00:00,2
phospho-app/phospho,False,,0
rawlingsj/wolfi-os,True,2022-11-22T20:52:12+00:00,3
soenneker/soenneker.servicebus.sender,False,,0
wordpress-mobile/WordPress-iOS,True,2022-08-03T11:41:14+00:00,1
carbon-design-system/ibm-products,True,2024-05-07T16:09:48+00:00,1
TYPO3-Documentation/TYPO3CMS-Reference-CoreApi,False,,0
Infisical/infisical,False,,0
soenneker/soenneker.blob.fetch,False,,0
lablup/backend.ai,False,,0
maplibre/maplibre-gl-js,False,,0
Qiskit/documentation,False,,0
soenneker/soenneker.cosmos.container.setup,False,,0
soenneker/soenneker.tests.fixturedunit,False,,0
Hack23/cia,True,2023-05-09T20:58:13+00:00,1
BeeStation/BeeStation-Hornet,True,2017-12-16T20:53:10+00:00,5
gtech-mulearn/IEEE-LAUNCHPAD,False,,0
JabRef/jabref,False,,0
gnolang/gno,False,,0
camunda/camunda-docs,False,,0
ansible/ansible-documentation,True,2023-07-11T08:16:50+00:00,2
Energinet-DataHub/opengeh-wholesale,False,,0
soenneker/soenneker.extensions.datetime.day,False,,0
bigcommerce/catalyst,True,2024-02-07T19:20:23+00:00,1
Rotwood-Vale/Ratwood-Keep,True,2024-05-15T20:17:03+00:00,3
KOSASIH/pi-nexus-autonomous-banking-network,False,,0
opendatahub-io/odh-dashboard,False,,0
opentiny/tiny-vue,False,,0
COGS108/MyFirstPullRequest,False,,0
mobbcitestjob/Mobb-Fixer-Demo-Snyk,False,,0
scantist-ossops-m2/libpng,False,,0
SUSE/BCI-dockerfile-generator,False,,0
tikv/tikv,True,2021-11-10T06:33:40+00:00,1
bitwarden/server,True,2023-01-24T18:57:28+00:00,12
ioBroker/ioBroker.repositories,False,,0
grafbase/grafbase,True,2022-06-27T10:40:57+00:00,1
mobbcitestjob/Mobb-Fixer-Demo-CodeQL,False,,0
viamrobotics/rdk,True,2024-01-22T13:23:09+00:00,1
camunda/camunda-platform-helm,True,2021-08-30T06:01:48+00:00,1
lftsolutions-blog/sample-python,False,,0
simulationcraft/simc,True,2020-09-13T20:54:40+00:00,1
php/doc-fr,False,,0
soenneker/soenneker.hangfire.basicauthentication,False,,0
rust-lang/rust-analyzer,False,,0
brotherlogic/euler,False,,0
Earlo/kotisivut,False,,0
carbon-design-system/carbon,True,2024-05-06T18:58:18+00:00,5
Exp-Intro-to-GitHub-Flow-Cohort-2/exp-intro-to-github-flow-cohort-2-classroom-ed7b0d-intro-Series-Intro-to-GitHub-Flow-template-repo,False,,0
LightDotSo/LightDotSo,True,2024-05-09T08:57:50+00:00,2
scta-texts/bHY6yh,False,,0
hpcc-systems/HPCC-Platform,False,,0
woowacourse-precourse/java-calculator-7,False,,0
Azure/bicep-registry-modules,True,2022-03-08T04:38:18+00:00,213
janus-idp/backstage-showcase,True,2023-06-04T23:20:52+00:00,1
aws-powertools/powertools-lambda-typescript,False,,0
brotherlogic/recordprocess,False,,0
Eventual-Inc/Daft,True,2025-04-28T19:50:37+00:00,0
locoz666/k3s-cluster,True,2021-07-14T11:16:38+00:00,1
ocaml/dune,False,,0
DrataVenturesPublicDemoOrg/terrafail,False,,0
GoogleChromeLabs/chromium-bidi,False,,0
rectorphp/rector-src,False,,0
CODE-U-S/Coding_Test_Study,False,,0
EduardoVega86/imporsutipro,False,,0
RobotLocomotion/drake,False,,0
zzllbj/lang,False,,0
chains-project/flink,False,,0
PeerDB-io/peerdb,False,,0
delta-io/delta,False,,0
appscode/charts,False,,0
containerd/containerd,False,,0
soenneker/soenneker.servicebus.queue,False,,0
Netrality-Data-Centers/PNSSalesforceTeam,False,,0
oceanbase/odc,True,2024-03-05T02:56:52+00:00,13
RT-Thread/rt-thread,True,2023-07-18T10:49:39+00:00,6
adobe-experience-league/exlm,False,,0
duckduckgo/Android,True,2019-02-06T16:22:52+00:00,3
pulumi/pulumi-aws,False,,0
CDCgov/NEDSS-Modernization,True,2023-04-20T16:47:47+00:00,2
mercedes-benz/DnA,True,2025-08-08T09:10:31+00:00,2
jonpulsifer/ts,False,,0
VisActor/VTable,False,,0
Diaoul/home-ops,False,,0
google/oss-fuzz,False,,0
apache/doris-website,False,,0
primefaces/primefaces,False,,0
rivet-gg/rivet,False,,0
andrew-codechimp/HA-Battery-Notes,False,,0
statamic/cms,False,,0
dealii/dealii,False,,0
isomerpages/govtech-gobusiness-main,False,,0
spiraldb/vortex,False,,0
GoogleCloudPlatform/pgadapter,False,,0
piny940/infra,False,,0
DemocracyClub/UK-Polling-Stations,False,,0
getsentry/relay,True,2018-02-01T09:09:19+00:00,2
red-hat-data-services/rhods-operator,False,,0
shaka-project/shaka-player,False,,0
fwupd/fwupd,False,,0
chipsalliance/sv-tests,False,,0
scinote-eln/scinote-web,False,,0
sktime/sktime,True,2020-08-18T17:51:07+00:00,9
Dallinger/Dallinger,False,,0
kitos9112/dotfiles,False,,0
Yonom/assistant-ui,False,,0
CrocSwap/ambient-ts-app,False,,0
stevewoz1234567890/achievements,False,,0
jenkins-infra/kubernetes-management,True,2019-05-16T14:06:12+00:00,2
huss2342/achievements,False,,0
osmosis-labs/osmosis-frontend,False,,0
shiptest-ss13/Shiptest,True,2017-12-16T20:53:10+00:00,6
Flagsmith/flagsmith,True,2024-06-21T14:58:12+00:00,5
hackclub/sprig,False,,0
negative7/home-cluster,False,,0
nvim-treesitter/nvim-treesitter,False,,0
salisk/k8s-gitops,True,2021-04-14T13:20:56+00:00,1
lsst-sqre/phalanx,False,,0
OX-Security-Demo/Multi-currency-management,False,,0
syncfusion-content/maui-docs,False,,0
usdigitalresponse/usdr-gost,True,2023-02-17T01:02:25+00:00,1
ardatan/feTS,False,,0
libccy/noname,False,,0
openvinotoolkit/openvino.genai,False,,0
devopsdays/devopsdays-web,True,2020-02-19T21:21:50+00:00,4
PennyDreadfulMTG/Penny-Dreadful-Tools,False,,0
kumahq/kuma-gui,True,2019-12-17T15:27:11+00:00,1
dbeaver/dbeaver,False,,0
dymensionxyz/rollapp-registry,False,,0
martinohmann/home-ops,True,2023-12-14T11:52:47+00:00,1
mozilla-mobile/firefox-android,True,2024-01-05T23:09:07+00:00,5
narwhals-dev/narwhals,False,,0
dlang/dmd,True,2017-07-12T18:04:51+00:00,13
mitodl/mit-open,True,2023-06-12T14:45:10+00:00,1
shader-slang/slang,True,2024-11-04T18:53:34+00:00,1
soenneker/soenneker.utils.dotnet.nuget,False,,0
atlanhq/atlas-metastore,False,,0
decidim/decidim,True,2019-04-05T09:02:13+00:00,1
Sensedia/draft-openapi,False,,0
soenneker/soenneker.blazor.clarity,False,,0
firebase/firebase-ios-sdk,False,,0
monosans/socnet,False,,0
casacinepoa/casacinepoa.github.io,False,,0
johnsmith0212/johnsmith0212,False,,0
NethermindEth/nethermind,True,2023-05-04T11:41:48+00:00,4
triton-lang/triton,True,2022-12-21T09:30:50+00:00,8
instructlab/instructlab,False,,0
hulk510/playground,True,2023-12-05T03:08:57+00:00,1
simplex-chat/simplex-chat,True,2021-12-19T15:25:19+00:00,2
GregTechCEu/GregTech-Modern,True,2023-05-11T22:47:41+00:00,2
exogee-technology/graphweaver,False,,0
joomla/joomla-cms,True,2018-04-19T05:54:17+00:00,6
epam/ai-dial-chat,True,2024-01-31T15:47:28+00:00,10
mmalyska/home-ops,True,2022-09-27T10:27:08+00:00,0
M0NsTeRRR/homelabv3-infra,False,,0
primer/react,True,2021-08-24T00:29:05+00:00,3
hyperledger/besu,False,,0
blarApp/blar-example-repos,False,,0
D-o-c/Doc-Home-ops,False,,0
UditChauhan07/BFS-B2BPORTL-React,False,,0
Blackstone-SS13/BLACKSTONE,True,2024-05-15T20:17:03+00:00,3
evergreen-ci/evergreen,False,,0
MudBlazor/MudBlazor,False,,0
safe-global/safe-wallet-web,False,,0
rancher-sandbox/rancher-desktop,False,,0
soenneker/soenneker.blazor.turnstile,False,,0
soenneker/soenneker.extensions.httpresponsemessage,False,,0
internetbuilder/eattheblocks,False,,0
mate-academy/layout_moyo-header,False,,0
zeroc-ice/ice,False,,0
KouShenhai/KCloud-Platform-IoT,False,,0
thingsboard/thingsboard,False,,0
LucaDev/Home,False,,0
soenneker/soenneker.instantly.accounts,False,,0
antoinezanardi/werewolves-assistant-web-next,False,,0
apache/seatunnel,False,,0
yijiaow/socket.io-chat-demo,False,,0
maidsafe/safe_network,False,,0
Simple-Station/Einstein-Engines,True,2017-08-04T12:24:01+00:00,6
soenneker/soenneker.data.zipcode,False,,0
feldera/feldera,False,,0
iron-fish/ironfish,True,2021-03-31T21:32:06+00:00,1
stefvanschie/IF,False,,0
nextcloud-libraries/nextcloud-vue,False,,0
rust-lang/this-week-in-rust,False,,0
w3schools-test/w3schools-test.github.io,False,,0
allennohesi/Caraga_Aics-Helps,False,,0
EspressoSystems/HotShot,True,2023-11-10T17:35:57+00:00,7
grpc-ecosystem/grpc-gateway,False,,0
ITISFoundation/osparc-simcore,True,2018-07-04T11:16:07+00:00,10
voxel51/fiftyone,True,2023-03-24T17:10:04+00:00,5
BabylonJS/Babylon.js,False,,0
brotherlogic/lock,False,,0
mkniewallner/renovate-config,False,,0
soenneker/soenneker.cosmos.database.setup,False,,0
nicko170/infra,False,,0
base-org/web,True,2023-09-19T20:21:42+00:00,1
dev-protocol/clubsx,False,,0
GoogleCloudPlatform/gcsfuse,True,2023-08-23T07:01:18+00:00,5
Roll20/roll20-character-sheets,True,2021-12-13T22:40:14+00:00,101
gitarcode-test/TornadoVM,False,,0
soenneker/soenneker.blazor.masonry,False,,0
bfra-me/renovate-action,True,2023-09-22T01:31:50+00:00,1
mealie-recipes/mealie,False,,0
space-syndicate/space-station-14,True,2017-08-04T12:24:01+00:00,6
dotcomscripts/k8s-gitops,True,2023-10-04T20:34:14+00:00,1
openjdk/jdk21u-dev,False,,0
risu729/dotfiles,False,,0
Agoric/agoric-sdk,True,2023-11-02T23:37:07+00:00,2
zer0-os/zOS,False,,0
opensearch-project/ml-commons,True,2021-11-17T01:33:37+00:00,14
dotnet/templating,True,2020-09-10T09:18:06+00:00,1
Abdul6578/testapiratelimit,False,,0
NHSDigital/electronic-prescription-service-api,False,,0
laurent22/joplin,False,,0
reitermarkus/rerun-workflow,False,,0
flexera-public/policy_templates,True,2019-05-01T22:18:58+00:00,0
HedvigInsurance/racoon,False,,0
mikeyhodl/docs-1,True,2018-03-10T01:48:28+00:00,20
